model,clip_id,script,der,jer,der_miss_sec,der_fa_sec,der_confusion_sec,der_total_sec,n_speakers_ref,n_speakers_hyp,speaker_count_error,speaker_count_correct,der_correct_sec
community-1,0AEEA8NyVwY__11_609,Devanagari,0.15339773130095596,0.1562433235097055,68.01699999999968,15.670999999999719,2.8589999999999938,564.2000000000003,3,3,0,1,493.32400000000064
community-1,0SoItGfM_sY__7_88,Kannada,0.42166261267706373,0.6246292970258006,10.352999999999987,7.963000000000001,11.153999999999996,69.89,5,4,-1,0,48.38300000000001
community-1,0VEwL9XZ0LY__261_557,Devanagari,0.21304392907752465,0.23317924702291962,30.629000000000076,16.856000000000154,14.15499999999997,289.33,2,2,0,1,244.54599999999994
community-1,0esIFSOAcFs__0_913,Gujarati,0.057524208888119224,0.06696958789341499,42.57299999999938,4.03099999999953,6.622000000000071,925.2800000000004,3,3,0,1,876.085000000001
community-1,0p6cktLGIfY__12_930,Gujarati,0.41874653489212965,0.6032547012525274,130.18200000000013,113.82699999999961,103.42500000000024,829.7,6,5,-1,0,596.0929999999997
community-1,13VBh0Z6QmE__0_904,Tamil,0.1243484240429265,0.1838597921928256,38.366999999999095,10.923000000000172,61.01699999999987,887.0799999999992,4,5,1,0,787.6960000000001
community-1,1LFl5JEipII__0_597,Bengali,0.4081207881941482,0.490205757352755,36.56800000000026,29.77599999999958,172.87600000000026,586.1500000000003,5,5,0,1,376.70599999999996
community-1,2HGP34TNvjg__84_194,Oriya,0.29820898476152796,0.3585684859759895,12.470000000000018,7.292000000000004,10.374999999999991,101.06,2,2,0,1,78.215
community-1,2LN6vb7EBn0__98_394,Tamil,0.28620280963502637,0.33826109125141063,27.49599999999998,24.02200000000008,30.584999999999937,286.86999999999995,3,3,0,1,228.78900000000004
community-1,2T4pjueLrsk__677_1290,Gujarati,0.45218167102019907,0.6124958882963178,106.03300000000011,58.79200000000031,80.99000000000012,543.6199999999999,4,4,0,1,356.59699999999975
community-1,2gGHQgj9yno__0_99,Gujarati,0.33074082120356324,0.6501335177726671,9.916000000000018,9.708000000000006,10.824000000000009,92.06,4,2,-2,0,71.31999999999996
community-1,2iMXYxBTwbM__339_401,Devanagari,0.8109768907563022,0.811863360704051,15.279000000000003,14.724999999999982,16.31900000000001,57.12000000000001,3,2,-1,0,25.522000000000002
community-1,37dND_0r6S8__60_222,Tamil,0.4466733811244743,0.5212799766889993,17.946999999999953,17.454000000000033,39.993000000000016,168.78999999999996,2,2,0,1,110.85
community-1,4Qg2jWP6_T0__136_202,Gurmukhi,0.6777493606138111,0.7273240714883218,14.477000000000007,10.432,22.791000000000025,70.38000000000001,3,2,-1,0,33.11199999999998
community-1,6-726qTlYeg__102_162,Malayalam,0.4357932519741564,0.48890984415928185,8.056999999999999,9.245999999999992,13.050000000000008,69.65,2,2,0,1,48.54299999999999
community-1,6ZeRgvDHwcI__6_100,Gujarati,0.6434281200631907,0.6004512236723472,24.731000000000005,9.06999999999999,6.9279999999999955,63.30000000000003,2,2,0,1,31.64100000000003
community-1,6f6TLzlP8Wk__82_144,Gurmukhi,0.5685005943284093,0.6038116325230896,6.926000000000011,8.416000000000004,18.13700000000001,58.89000000000001,2,2,0,1,33.826999999999984
community-1,7L4gi7Ncc0s__90_148,Malayalam,0.16075085324232088,0.2372273582874186,3.5000000000000013,2.4380000000000024,3.0109999999999992,55.669999999999995,2,2,0,1,49.159
community-1,7WhVNRHbjIY__91_1089,Tamil,0.11711341033849484,0.1825724352362804,24.262999999999973,29.107999999999933,63.32900000000002,996.4699999999998,5,5,0,1,908.8779999999998
community-1,7YfsQPYY-W0__351_411,Oriya,0.5777431906614787,0.6257167804450363,9.730999999999991,7.158000000000007,20.231,64.25,2,2,0,1,34.288
community-1,7c9ePKgqams__299_869,Telugu,0.33347610785802106,0.6029287631612893,34.1900000000002,19.435999999999957,130.8930000000001,553.32,4,3,-1,0,388.2369999999998
community-1,7k-xDqNjESc__73_981,Malayalam,0.336870954444681,0.6150130684820458,115.55500000000013,53.72000000000037,133.09700000000058,897.5899999999996,4,3,-1,0,648.9379999999987
community-1,83gP2vLH7UY__255_2005,Devanagari,0.3050249067830629,0.3225856776120799,272.0089999999999,194.42600000000107,156.92000000000132,2043.6199999999978,5,5,0,1,1614.6909999999966
community-1,86mMTUeDiR8__181_1079,Bengali,0.4724772315511721,0.5697654866386923,152.5149999999997,112.4719999999997,123.58299999999997,822.4099999999999,5,5,0,1,546.3120000000001
community-1,87Zbup3ohcw__106_445,Tamil,0.21408714665000877,0.33807453199462506,37.95300000000012,17.553000000000168,13.034000000000038,320.15000000000003,4,4,0,1,269.16299999999984
community-1,8Ve4SWhlrrA__0_70,Oriya,0.07600689547092922,0.5367688634792989,2.782000000000002,0.02599999999999625,2.0419999999999945,63.80999999999999,2,1,-1,0,58.986
community-1,8mvORuRHw2U__0_1197,Gujarati,0.177905151295587,0.21293166670380612,97.25199999999943,44.04700000000008,64.95000000000033,1159.3199999999995,4,4,0,1,997.1179999999998
community-1,8o7jKmq6HsM__30_1770,Devanagari,0.16623225967088423,0.1814991294688285,113.02900000000099,113.62999999999971,67.09999999999926,1767.160000000001,6,6,0,1,1587.0310000000006
community-1,8pkp-lpMJP0__326_926,Telugu,0.3383846253733273,0.5714458276790112,93.6859999999997,32.030999999999814,108.81399999999978,693.0899999999996,8,7,-1,0,490.5900000000001
community-1,8r2Nltl0W4o__259_320,Gurmukhi,0.27123828317710924,0.6183469580071838,3.597999999999998,2.0710000000000095,10.825000000000001,60.80999999999999,2,2,0,1,46.38699999999999
community-1,90uAd6xpTPo__16_408,Devanagari,0.07655711707770534,0.08631435264497182,9.341999999999977,12.639999999999969,6.018000000000004,365.74,4,4,0,1,350.38
community-1,9Aw8kg8w5Xo__0_83,Telugu,0.09814362481680533,0.4954881118306099,3.964000000000027,1.5330000000000084,2.5389999999999873,81.88000000000002,4,3,-1,0,75.377
community-1,9_GMxc_JjyI__236_368,Kannada,0.23812797074954264,0.49457701405937127,10.665,10.384999999999973,11.513999999999989,136.75000000000003,2,2,0,1,114.57100000000003
community-1,ARCKJrGkITw__14_496,Telugu,0.3510185952860362,0.4220942745561213,49.35800000000009,28.683000000000096,99.77799999999998,506.57999999999987,3,3,0,1,357.44399999999985
community-1,ARZl7LT0UC0__73_130,Telugu,0.313913751017087,0.4807260918612397,6.317000000000003,2.932999999999998,10.04,61.45,3,3,0,1,45.093
community-1,A_dohDOK6Ic__0_600,Devanagari,0.06062571339628528,0.06010387900039493,31.77600000000009,2.7500000000000426,0.5289999999999395,578.2199999999999,3,3,0,1,545.9149999999998
community-1,B2ScTgeIIck__117_180,Oriya,0.38042629840888637,0.4280295938048924,10.265000000000002,4.717999999999996,10.361000000000013,66.62,2,2,0,1,45.99399999999998
community-1,BGAAfht5dYw__0_612,Gujarati,0.18004774395095915,0.2638246447137422,60.67200000000017,13.25499999999989,48.25699999999989,678.6200000000002,4,4,0,1,569.691
community-1,BYLcUGNB_zM__20_1387,Kannada,0.11278331479253204,0.16347831388948825,41.54499999999983,28.93299999999995,78.55499999999999,1321.4100000000003,4,4,0,1,1201.3100000000004
community-1,Bngfppo1QtA__28_927,Telugu,0.47454028378047813,0.5192884592584683,139.43800000000135,133.96899999999988,192.13599999999926,981.0400000000004,5,5,0,1,649.4659999999999
community-1,CO_8ppdzq9U__0_695,Tamil,0.14309070273917968,0.1885465159460788,49.37099999999991,5.152000000000115,38.774999999999956,652.0200000000003,4,4,0,1,563.8740000000004
community-1,Cku_X_SL7qU__60_660,Gujarati,0.6430367251556237,0.5432886808695571,111.71900000000002,159.84100000000004,47.63700000000001,496.39000000000004,3,3,0,1,337.034
community-1,DPmew0didIM__191_512,Telugu,0.3468970164798138,0.4642757044058638,46.553999999999974,28.660000000000068,38.03399999999994,326.4599999999999,5,5,0,1,241.87200000000004
community-1,EmsKkNN2Me4__35_95,Malayalam,0.5292401516400201,0.6110713422174323,5.5590000000000055,7.04,19.51000000000001,60.669999999999995,2,2,0,1,35.60099999999998
community-1,ExGJodnzocM__212_527,Devanagari,0.3435845279607389,0.44292728787612784,27.074000000000026,10.172999999999998,69.16800000000003,309.72,4,5,1,0,213.47799999999998
community-1,F2uXav-wriA__0_907,Devanagari,0.10793701236083016,0.15343430534178942,50.31499999999934,7.798999999999332,40.38500000000054,912.5600000000003,4,4,0,1,821.8600000000005
community-1,FDMf9ApmoNU__16_686,Bengali,0.36867997896380783,0.3855136134685801,109.216,69.3449999999996,52.78200000000025,627.4900000000002,4,4,0,1,465.492
community-1,G6qzg93FxwE__21_116,Gujarati,0.06677415887348172,0.07773894583022142,3.982999999999997,1.9260000000000024,0.3030000000000044,93.02999999999999,2,2,0,1,88.74399999999999
community-1,GEc_sS2KWo8__96_290,Gujarati,0.30876416549319347,0.5420437526520002,28.17199999999993,12.731000000000023,5.142999999999977,149.12999999999997,4,3,-1,0,115.81500000000004
community-1,GfFLEIAAumk__90_163,Bengali,0.1449653485527924,0.19288726891557073,3.867999999999999,1.9789999999999974,4.820999999999998,73.59000000000002,2,2,0,1,64.90100000000001
community-1,Gq45evw6ytY__597_1464,Oriya,0.34820252764256066,0.3695447292670668,114.29199999999992,71.91099999999916,122.09900000000073,885.4100000000004,3,3,0,1,649.019
community-1,HZv_WvIr6lE__21_105,Tamil,0.25797292835919416,0.2791425255281033,5.761999999999984,10.572999999999986,7.106999999999999,90.86999999999998,3,3,0,1,78.00099999999999
community-1,HpYG46tGyYs__103_998,Devanagari,0.08927928660172094,0.10489724583239937,29.922000000000132,35.155999999999935,11.812000000000065,861.23,4,4,0,1,819.4959999999999
community-1,IAm1rt-MYcA__4_558,Bengali,0.32684936579946305,0.3914759609866305,68.38799999999969,52.90800000000013,55.219000000000094,540.0499999999997,4,4,0,1,416.4429999999999
community-1,Iare1Emeueg__16_69,Devanagari,0.5473185390661116,0.5091740129394912,15.366999999999987,6.161999999999998,2.1479999999999992,43.26,2,2,0,1,25.74500000000001
community-1,IfTL8SSN270__62_671,Devanagari,0.3042370572207076,0.3465647104430846,79.91799999999994,54.44899999999976,66.61199999999988,660.6000000000005,4,4,0,1,514.0700000000004
community-1,Ig6szCD8m20__46_106,Devanagari,0.3371601208459215,0.45480379565446655,1.7970000000000104,2.9679999999999973,15.322999999999997,59.580000000000005,2,2,0,1,42.46
community-1,Iqhnt8ENm3U__27_88,Devanagari,0.6695162259615385,0.7698505229293383,16.44399999999999,4.897000000000013,23.221999999999994,66.55999999999999,3,2,-1,0,26.894000000000013
community-1,J4-VpEkBzWw__0_600,Kannada,0.09022194605101783,0.10786124327519782,23.950000000000166,16.633000000000123,16.043000000000042,627.6300000000001,7,7,0,1,587.6369999999997
community-1,JBYGLQJwFDc__103_407,Tamil,0.4855235391167552,0.6581679591164692,48.068000000000005,32.411,46.06299999999994,260.63000000000005,3,3,0,1,166.4990000000001
community-1,JSB1CeS4pP8__0_632,Gurmukhi,0.1493650086764227,0.1843121659236017,51.422999999999774,17.617999999999874,28.22400000000003,651.1899999999999,4,4,0,1,571.5430000000001
community-1,Jc5AVwg2cZM__153_214,Devanagari,0.7756899026958048,0.6757276365198231,17.236000000000008,17.67500000000002,13.716999999999972,62.68999999999999,3,3,0,1,31.737000000000013
community-1,KAtdcDieQMw__57_599,Oriya,0.1690023073053103,0.20698488815040225,58.94899999999967,13.3240000000002,25.145000000000053,576.4299999999995,3,3,0,1,492.33599999999973
community-1,KPkRi3GM7fs__47_642,Oriya,0.12221606264292087,0.14249912288435046,41.288999999999966,14.965999999999978,14.2929999999997,577.24,3,3,0,1,521.6580000000004
community-1,Kdi-ECuOaKg__2_78,Malayalam,0.9135259524418299,0.7759018229286054,14.751999999999994,16.59799999999997,4.378000000000021,39.11000000000002,6,4,-2,0,19.980000000000004
community-1,L7xRazDdtgw__19_83,Gujarati,0.8031872509960161,0.8213361203575985,13.029000000000007,7.431999999999997,13.810999999999996,42.67,3,2,-1,0,15.830000000000002
community-1,LBIWBxQ5H1s__90_1020,Malayalam,0.3766485146968471,0.4298886068153337,120.8929999999994,85.49099999999993,155.35299999999967,960.4100000000001,4,4,0,1,684.164000000001
community-1,LK23jX9tgZM__59_221,Gujarati,0.2885946347880799,0.4032339974634953,30.50499999999999,8.697000000000072,11.25299999999995,174.83,3,3,0,1,133.072
community-1,LctYmmr9-Vg__0_61,Devanagari,0.1791431556948797,0.19817339796590236,7.312000000000004,0.11299999999999955,1.1469999999999914,47.85000000000001,2,2,0,1,39.39100000000001
community-1,LqQHdo7t5Ps__198_498,Devanagari,0.1555937744780848,0.2416020299724478,8.62999999999999,7.075000000000111,29.981999999999935,293.62999999999994,3,3,0,1,255.01799999999997
community-1,Md3p6RTanBg__315_426,Bengali,0.0509185656244481,0.05022390604786454,4.632000000000014,0.8290000000000012,0.30400000000000205,113.22000000000004,3,3,0,1,108.28400000000002
community-1,MmtWBUK2DKE__0_310,Devanagari,0.08909150220192416,0.2870703968901035,13.771999999999776,6.772000000000036,6.767000000000031,306.5499999999999,5,4,-1,0,286.0110000000001
community-1,NLgHpYyf5bY__313_383,Devanagari,0.20995790390477598,0.36049558256611436,4.8880000000000114,2.1809999999999943,7.39500000000001,68.89,2,2,0,1,56.60699999999998
community-1,NuhdqCEuIBo__197_540,Gurmukhi,0.23374792469820235,0.34116010015696635,26.5239999999999,19.49000000000026,37.05299999999998,355.3699999999999,3,3,0,1,291.79299999999995
community-1,O4_aeGFzZ8A__0_335,Kannada,0.16230348598769642,0.18626215946041458,27.631000000000014,20.774999999999935,3.8330000000000197,321.86,8,8,0,1,290.39599999999996
community-1,OXUt5KnlUMo__91_181,Oriya,0.2858631469260155,0.4221237960217209,5.953999999999991,3.6199999999999672,15.11600000000001,86.37000000000003,2,2,0,1,65.30000000000004
community-1,OxYCBQKZ3iY__0_1822,Gurmukhi,0.22066146217955465,0.2642207919090673,142.29399999999802,83.13200000000053,151.07100000000096,1706.219999999999,7,7,0,1,1412.8549999999998
community-1,PCUA2q2C-2A__45_107,Devanagari,0.045214956349859926,0.0710904919701632,0.9759999999999991,1.505999999999996,0.2630000000000017,60.71000000000001,3,3,0,1,59.47100000000001
community-1,PEDfT9-Yf2o__0_469,Bengali,0.07245901639344263,0.09987988267232795,13.76700000000005,2.5139999999999176,12.89100000000004,402.6000000000001,3,3,0,1,375.942
community-1,PQB3-4sZUeY__0_1132,Telugu,0.3378166808995164,0.46385759773223595,89.12300000000072,57.46299999999968,233.1740000000002,1124.1600000000008,4,4,0,1,801.8629999999998
community-1,PRAzUz0GANs__223_283,Kannada,0.4197126895450917,0.5293481501894528,6.425999999999995,5.033999999999999,14.834999999999997,62.649999999999984,2,2,0,1,41.388999999999996
community-1,PSIzXy5-y2E__2_918,Devanagari,0.300124796222385,0.286497431670408,152.53100000000018,78.66800000000012,35.74699999999983,889.4499999999992,3,3,0,1,701.1719999999992
community-1,PVDfS7lcJHY__0_360,Kannada,0.22081805653067016,0.30108111257388975,33.99699999999967,12.94699999999999,37.976000000000134,384.5699999999998,6,6,0,1,312.597
community-1,Pjre5dpnKGA__0_330,Kannada,0.2097390216290293,0.4308542396599472,24.064000000000036,12.501999999999972,33.83499999999998,335.66,4,3,-1,0,277.7609999999999
community-1,QhpjuNTZoA8__0_586,Kannada,0.33280017131467526,0.5316627936871158,35.79099999999987,10.596999999999937,155.64500000000015,607.0700000000002,3,2,-1,0,415.634
community-1,QuA_B6IZ6Ls__61_1863,Devanagari,0.411098002334387,0.3893302092740746,655.6260000000009,131.59199999999936,191.92699999999815,2381.780000000005,4,4,0,1,1534.2270000000035
community-1,RL2fhIEEbZg__0_65,Telugu,0.0767374369940434,0.3766281191267636,3.369000000000021,1.1300000000000026,0.5249999999999986,65.47000000000001,3,2,-1,0,61.57599999999999
community-1,RL2fhIEEbZg__66_1034,Telugu,0.2912287809023176,0.33034906808602943,114.34600000000066,80.71999999999886,99.67500000000032,1012.0600000000012,3,3,0,1,798.0390000000001
community-1,RWTmftezCwI__0_60,Malayalam,0.13843900758097885,0.1150777229386031,5.854000000000018,1.913999999999998,0.26699999999999946,58.04000000000001,2,3,1,0,51.91899999999999
community-1,RZUZyvRzi80__0_336,Gurmukhi,0.02779857094249727,0.039811314690591196,3.589999999999961,2.5969999999999978,2.799999999999983,323.28999999999996,4,4,0,1,316.90000000000003
community-1,SZ7ay4OjfAE__0_897,Telugu,0.2875800281461229,0.37946398990539526,130.0830000000008,33.74699999999979,126.3440000000003,1009.02,5,5,0,1,752.5929999999993
community-1,T3I2T-cfhG4__160_210,Devanagari,0.12484564615712154,0.14059071266674913,1.9969999999999999,3.019999999999998,0.8470000000000013,46.97,2,2,0,1,44.126000000000005
community-1,TU3M6wSQV_g__99_171,Telugu,0.2671361502347419,0.49536898329617546,3.970000000000019,4.478999999999992,11.466000000000001,74.55000000000001,2,2,0,1,59.114
community-1,Tlha36rSd5o__240_374,Tamil,0.18180219077316725,0.17980151225380464,12.416000000000004,7.954000000000006,2.3680000000000163,125.07,2,2,0,1,110.28599999999996
community-1,TrPnW5kLAyQ__93_513,Devanagari,0.22818082761067368,0.2564288970809445,60.195000000000114,19.7950000000001,10.05699999999991,394.6299999999999,4,4,0,1,324.3779999999999
community-1,U_EHjxThUgc__181_289,Bengali,0.1556703786191538,0.19254658669495076,7.4420000000000135,4.711999999999996,5.320000000000004,112.25,3,3,0,1,99.48799999999997
community-1,VHlIFsHPWbk__23_470,Oriya,0.09485939658630015,0.1259764760394608,14.807999999999783,11.649999999999913,16.11300000000008,448.78,4,4,0,1,417.8590000000001
community-1,VKY0uuZ6Om8__575_935,Devanagari,0.40948656189635757,0.4994315040678256,75.7709999999999,39.16399999999982,56.77500000000006,419.3300000000004,3,3,0,1,286.78400000000033
community-1,VY_4x1scS-Y__13_121,Tamil,0.31148212173596584,0.3820676238021794,9.056000000000008,4.347999999999995,20.831000000000003,109.91,4,4,0,1,80.02299999999997
pyannote-3.1,0AEEA8NyVwY__11_609,Devanagari,0.15222438851471004,0.15250695840759335,68.01299999999966,15.664999999999718,2.207000000000064,564.2000000000003,3,3,0,1,493.9800000000006
pyannote-3.1,0SoItGfM_sY__7_88,Kannada,0.4331377879524966,0.6202659358781333,10.352999999999987,7.963000000000001,11.955999999999996,69.89,5,5,0,1,47.58100000000001
pyannote-3.1,0VEwL9XZ0LY__261_557,Devanagari,0.20686067811841197,0.2221998972642379,30.628000000000043,16.85500000000012,12.36799999999997,289.33,2,2,0,1,246.33399999999995
pyannote-3.1,0esIFSOAcFs__0_913,Gujarati,0.06074917862700945,0.07318437998066146,42.56899999999959,4.025999999999648,9.615000000000094,925.2800000000004,3,3,0,1,873.0960000000007
pyannote-3.1,0p6cktLGIfY__12_930,Gujarati,0.40374593226467315,0.581871528671788,130.1819999999998,113.81699999999978,90.98899999999975,829.7,6,5,-1,0,608.5290000000006
pyannote-3.1,13VBh0Z6QmE__0_904,Tamil,0.10711660729584623,0.15364492102816504,38.36699999999924,10.919000000000192,45.734999999999765,887.0799999999992,4,5,1,0,802.9780000000002
pyannote-3.1,1LFl5JEipII__0_597,Bengali,0.2203906849782477,0.43330105893505894,36.56500000000027,29.77699999999966,62.840000000000046,586.1500000000003,5,4,-1,0,486.7450000000002
pyannote-3.1,2HGP34TNvjg__84_194,Oriya,0.3048881852364933,0.3675251812531709,12.469000000000017,7.292000000000004,11.050999999999993,101.06,2,2,0,1,77.53999999999999
pyannote-3.1,2LN6vb7EBn0__98_394,Tamil,0.2814585003660191,0.33166632096292475,27.49599999999998,24.02300000000007,29.222999999999843,286.86999999999995,3,3,0,1,230.15100000000015
pyannote-3.1,2T4pjueLrsk__677_1290,Gujarati,0.43311688311688384,0.5973403678307658,106.02900000000007,58.791000000000246,70.63100000000004,543.6199999999999,4,3,-1,0,366.95999999999987
pyannote-3.1,2gGHQgj9yno__0_99,Gujarati,0.3276776015641976,0.6460838315770945,9.916000000000011,9.709000000000007,10.541000000000018,92.06,4,2,-2,0,71.60299999999998
pyannote-3.1,2iMXYxBTwbM__339_401,Devanagari,0.8109768907563022,0.811863360704051,15.279000000000003,14.724999999999982,16.31900000000001,57.12000000000001,3,2,-1,0,25.522000000000002
pyannote-3.1,37dND_0r6S8__60_222,Tamil,0.4466733811244743,0.5212799766889993,17.946999999999953,17.454000000000033,39.993000000000016,168.78999999999996,2,2,0,1,110.85
pyannote-3.1,4Qg2jWP6_T0__136_202,Gurmukhi,0.6942739414606426,0.7491091476371995,14.47600000000001,10.432,23.955000000000013,70.38000000000001,3,2,-1,0,31.94899999999999
pyannote-3.1,6-726qTlYeg__102_162,Malayalam,0.4357932519741564,0.48890984415928185,8.056999999999999,9.245999999999992,13.050000000000008,69.65,2,2,0,1,48.54299999999999
pyannote-3.1,6ZeRgvDHwcI__6_100,Gujarati,0.6434281200631907,0.6005215831519258,24.731000000000005,9.06999999999999,6.9279999999999955,63.30000000000003,2,2,0,1,31.64100000000003
pyannote-3.1,6f6TLzlP8Wk__82_144,Gurmukhi,0.5685005943284093,0.6038116325230896,6.926000000000011,8.416000000000004,18.13700000000001,58.89000000000001,2,2,0,1,33.826999999999984
pyannote-3.1,7L4gi7Ncc0s__90_148,Malayalam,0.16075085324232088,0.2372273582874186,3.5000000000000013,2.4380000000000024,3.0109999999999992,55.669999999999995,2,2,0,1,49.159
pyannote-3.1,7WhVNRHbjIY__91_1089,Tamil,0.11672503938904333,0.18320615971159998,24.261999999999997,29.106999999999985,62.944,996.4699999999998,5,5,0,1,909.2639999999998
pyannote-3.1,7YfsQPYY-W0__351_411,Oriya,0.5754708171206226,0.6261877332885389,9.729999999999993,7.1579999999999995,20.086000000000006,64.25,2,2,0,1,34.434
pyannote-3.1,7c9ePKgqams__299_869,Telugu,0.33426950046989123,0.6038167227705743,34.191000000000194,19.436999999999927,131.3300000000001,553.32,4,3,-1,0,387.7989999999998
pyannote-3.1,7k-xDqNjESc__73_981,Malayalam,0.3494435098430251,0.6743251139601228,115.55300000000015,53.71700000000038,144.38700000000017,897.5899999999996,4,2,-2,0,637.6499999999992
pyannote-3.1,83gP2vLH7UY__255_2005,Devanagari,0.30264530587878485,0.32021501428529314,272.01800000000003,194.42100000000107,152.0530000000005,2043.6199999999974,5,5,0,1,1619.5489999999972
pyannote-3.1,86mMTUeDiR8__181_1079,Bengali,0.5442528665750643,0.6596170902457995,152.49899999999948,112.45999999999977,182.6399999999993,822.4099999999999,5,4,-1,0,487.271000000001
pyannote-3.1,87Zbup3ohcw__106_445,Tamil,0.22289239419022436,0.34824230066300976,37.95300000000012,17.553000000000168,15.853000000000055,320.15000000000003,4,5,1,0,266.3439999999998
pyannote-3.1,8Ve4SWhlrrA__0_70,Oriya,0.07600689547092922,0.5367688634792989,2.782000000000002,0.02599999999999625,2.0419999999999945,63.80999999999999,2,1,-1,0,58.986
pyannote-3.1,8mvORuRHw2U__0_1197,Gujarati,0.1584049270261872,0.18144621848543907,97.24399999999946,44.0249999999999,42.372999999999905,1159.3199999999995,4,4,0,1,1019.7030000000002
pyannote-3.1,8o7jKmq6HsM__30_1770,Devanagari,0.1466681002286151,0.15019516649780346,113.01700000000076,113.60899999999937,32.559999999999405,1767.160000000001,6,6,0,1,1621.5830000000008
pyannote-3.1,8pkp-lpMJP0__326_926,Telugu,0.35393094691887045,0.650236664683908,93.68599999999968,32.02900000000001,119.59100000000007,693.0899999999996,8,5,-3,0,479.8129999999998
pyannote-3.1,8r2Nltl0W4o__259_320,Gurmukhi,0.1787206051636245,0.5736022298737499,3.597999999999998,2.0700000000000083,5.2,60.809999999999995,2,2,0,1,52.01199999999999
pyannote-3.1,90uAd6xpTPo__16_408,Devanagari,0.07650516760540259,0.0858972397262099,9.340999999999944,12.639999999999969,6.000000000000032,365.74,4,4,0,1,350.39900000000006
pyannote-3.1,9Aw8kg8w5Xo__0_83,Telugu,0.08083781143136294,0.5381309961644791,3.96400000000002,1.533999999999999,1.120999999999981,81.88000000000002,4,2,-2,0,76.79500000000002
pyannote-3.1,9_GMxc_JjyI__236_368,Kannada,0.22199634369286989,0.5472340025640733,10.662999999999986,10.383999999999972,9.311000000000003,136.75000000000003,2,2,0,1,116.77600000000002
pyannote-3.1,ARCKJrGkITw__14_496,Telugu,0.34482806269493493,0.4154297792724484,49.35200000000003,28.678000000000043,96.65300000000003,506.57999999999987,3,3,0,1,360.5749999999999
pyannote-3.1,ARZl7LT0UC0__73_130,Telugu,0.28729048006509356,0.4571914633727631,6.312000000000004,2.9289999999999967,8.413,61.45,3,3,0,1,46.724999999999994
pyannote-3.1,A_dohDOK6Ic__0_600,Devanagari,0.06118951264224717,0.06110569329997264,31.77600000000009,2.7500000000000426,0.8550000000000182,578.2199999999999,3,3,0,1,545.5889999999997
pyannote-3.1,B2ScTgeIIck__117_180,Oriya,0.34777844491143806,0.38530147743121396,10.265000000000002,4.718999999999994,8.18500000000001,66.62,2,2,0,1,48.16999999999999
pyannote-3.1,BGAAfht5dYw__0_612,Gujarati,0.18005953258082535,0.26235634557885473,60.67600000000005,13.255999999999839,48.25999999999981,678.62,4,4,0,1,569.6840000000001
pyannote-3.1,BYLcUGNB_zM__20_1387,Kannada,0.10778789323525614,0.15372673023712924,41.54399999999997,28.92899999999996,71.95899999999993,1321.4100000000003,4,4,0,1,1207.9070000000004
pyannote-3.1,Bngfppo1QtA__28_927,Telugu,0.47513557041506993,0.5075110572658195,139.43300000000127,133.95900000000017,192.73499999999893,981.0400000000004,5,6,1,0,648.8720000000003
pyannote-3.1,CO_8ppdzq9U__0_695,Tamil,0.12285512714333886,0.152249810768187,49.36200000000001,5.148000000000174,25.593999999999667,652.0200000000003,4,4,0,1,577.0640000000006
pyannote-3.1,Cku_X_SL7qU__60_660,Gujarati,0.6316565603658418,0.5302563476123804,111.71999999999994,159.8420000000002,41.98600000000012,496.39000000000004,3,3,0,1,342.68399999999997
pyannote-3.1,DPmew0didIM__191_512,Telugu,0.36506156956441826,0.5542727129718485,46.554999999999964,28.661000000000097,43.96199999999989,326.4599999999999,5,4,-1,0,235.94300000000007
pyannote-3.1,EmsKkNN2Me4__35_95,Malayalam,0.5281358167133677,0.6101522035288437,5.560000000000005,7.041,19.44100000000001,60.669999999999995,2,2,0,1,35.66899999999998
pyannote-3.1,ExGJodnzocM__212_527,Devanagari,0.34331331525248626,0.4517903842121123,27.07500000000006,10.173000000000005,69.083,309.72,4,4,0,1,213.56199999999998
pyannote-3.1,F2uXav-wriA__0_907,Devanagari,0.10580235820110316,0.1489907543560273,50.313999999999304,7.799999999999422,38.43700000000002,912.5600000000003,4,4,0,1,823.809000000001
pyannote-3.1,FDMf9ApmoNU__16_686,Bengali,0.3533873049769717,0.3797273986610815,109.21200000000012,69.33999999999955,43.19500000000038,627.4900000000002,4,4,0,1,475.08299999999974
pyannote-3.1,G6qzg93FxwE__21_116,Gujarati,0.06677415887348172,0.07773894583022142,3.982999999999997,1.9260000000000024,0.3030000000000044,93.02999999999999,2,2,0,1,88.74399999999999
pyannote-3.1,GEc_sS2KWo8__96_290,Gujarati,0.3343861060819416,0.6546347859362733,28.17299999999993,12.730000000000018,8.96399999999998,149.12999999999997,4,2,-2,0,111.99300000000005
pyannote-3.1,GfFLEIAAumk__90_163,Bengali,0.1449653485527924,0.19288726891557073,3.867999999999999,1.9789999999999974,4.820999999999998,73.59000000000002,2,2,0,1,64.90100000000001
pyannote-3.1,Gq45evw6ytY__597_1464,Oriya,0.35040828542708996,0.3715065731680687,114.28899999999987,71.90799999999928,124.0580000000007,885.4100000000004,3,3,0,1,647.0630000000001
pyannote-3.1,HZv_WvIr6lE__21_105,Tamil,0.2540112248266753,0.27388371910783593,5.762999999999988,10.574999999999992,6.744,90.86999999999998,3,3,0,1,78.36299999999999
pyannote-3.1,HpYG46tGyYs__103_998,Devanagari,0.08875097244638498,0.10397644199736521,29.923000000000123,35.155999999999935,11.356000000000076,861.23,4,4,0,1,819.9509999999998
pyannote-3.1,IAm1rt-MYcA__4_558,Bengali,0.32307193778353877,0.3881911029669544,68.38799999999975,52.90700000000028,53.18000000000001,540.0499999999997,4,4,0,1,418.48199999999997
pyannote-3.1,Iare1Emeueg__16_69,Devanagari,0.5207813222376325,0.47318816407049474,15.366999999999987,6.160999999999998,1.0009999999999994,43.26,2,2,0,1,26.892000000000014
pyannote-3.1,IfTL8SSN270__62_671,Devanagari,0.2885392067817127,0.3252325919036943,79.91700000000002,54.44499999999965,56.24699999999987,660.6000000000005,4,4,0,1,524.4360000000004
pyannote-3.1,Ig6szCD8m20__46_106,Devanagari,0.2530715005035248,0.35135046655183183,1.7980000000000103,2.9689999999999976,10.310999999999998,59.580000000000005,2,2,0,1,47.471
pyannote-3.1,Iqhnt8ENm3U__27_88,Devanagari,0.7553335336538465,0.7938395355539409,16.442999999999984,4.898000000000009,28.93400000000002,66.55999999999999,3,4,1,0,21.182999999999996
pyannote-3.1,J4-VpEkBzWw__0_600,Kannada,0.0853002565205619,0.1006484491416435,23.95300000000018,16.63200000000009,12.952000000000005,627.6300000000001,7,7,0,1,590.7249999999998
pyannote-3.1,JBYGLQJwFDc__103_407,Tamil,0.48365115297548206,0.6747587780979368,48.06499999999998,32.410000000000025,45.57899999999991,260.63000000000005,3,2,-1,0,166.98600000000016
pyannote-3.1,JSB1CeS4pP8__0_632,Gurmukhi,0.13856171009997023,0.1649400415279918,51.41899999999981,17.61399999999977,21.19700000000002,651.1899999999999,4,4,0,1,578.5740000000001
pyannote-3.1,Jc5AVwg2cZM__153_214,Devanagari,0.77640772052959,0.6864136824213544,17.234000000000005,17.674000000000017,13.764999999999967,62.68999999999999,3,3,0,1,31.69100000000002
pyannote-3.1,KAtdcDieQMw__57_599,Oriya,0.17449993928143936,0.21768208474934467,58.945999999999664,13.31800000000014,28.3230000000002,576.4299999999995,3,3,0,1,489.1609999999996
pyannote-3.1,KPkRi3GM7fs__47_642,Oriya,0.1213983784907486,0.14099364527901745,41.288999999999966,14.965999999999978,13.820999999999778,577.24,3,3,0,1,522.1300000000002
pyannote-3.1,Kdi-ECuOaKg__2_78,Malayalam,1.0416517514702115,0.7602303497961146,14.749999999999998,16.59799999999997,9.391000000000027,39.11000000000002,6,7,1,0,14.968999999999994
pyannote-3.1,L7xRazDdtgw__19_83,Gujarati,0.882516990860089,0.7739238151117064,13.029000000000007,7.432999999999996,17.19499999999999,42.67,3,5,2,0,12.446000000000009
pyannote-3.1,LBIWBxQ5H1s__90_1020,Malayalam,0.36625816057725274,0.41877882056501736,120.8909999999995,85.48699999999988,145.38,960.4100000000001,4,4,0,1,694.1390000000007
pyannote-3.1,LK23jX9tgZM__59_221,Gujarati,0.28902934279013887,0.5370880606865104,30.504000000000012,8.695000000000062,11.331999999999901,174.83,3,2,-1,0,132.99400000000003
pyannote-3.1,LctYmmr9-Vg__0_61,Devanagari,0.15513061650992685,0.15467444801196695,7.311000000000006,0.11199999999999477,0.0,47.85000000000001,2,2,0,1,40.539
pyannote-3.1,LqQHdo7t5Ps__198_498,Devanagari,0.15553247283996882,0.2415707775391821,8.62999999999999,7.073000000000102,29.965999999999944,293.62999999999994,3,3,0,1,255.03399999999996
pyannote-3.1,Md3p6RTanBg__315_426,Bengali,0.04823352764529247,0.045726881139715625,4.632000000000014,0.8290000000000012,0.0,113.22000000000004,3,3,0,1,108.58800000000002
pyannote-3.1,MmtWBUK2DKE__0_310,Devanagari,0.08846517696949863,0.2867536693741321,13.770999999999772,6.7720000000000145,6.576000000000008,306.5499999999999,5,4,-1,0,286.2030000000001
pyannote-3.1,NLgHpYyf5bY__313_383,Devanagari,0.20995790390477598,0.36049558256611436,4.8880000000000114,2.1809999999999943,7.39500000000001,68.89,2,2,0,1,56.60699999999998
pyannote-3.1,NuhdqCEuIBo__197_540,Gurmukhi,0.22120606691617245,0.3375575816692686,26.52199999999992,19.489000000000285,32.598999999999975,355.3699999999999,3,3,0,1,296.24899999999997
pyannote-3.1,O4_aeGFzZ8A__0_335,Kannada,0.15270925247001768,0.1671686298253276,27.628999999999976,20.776999999999916,0.7450000000000045,321.86,8,8,0,1,293.48600000000005
pyannote-3.1,OXUt5KnlUMo__91_181,Oriya,0.2858631469260155,0.4221237960217209,5.953999999999991,3.6199999999999672,15.11600000000001,86.37000000000003,2,2,0,1,65.30000000000004
pyannote-3.1,OxYCBQKZ3iY__0_1822,Gurmukhi,0.29999413909109085,0.36322047034108934,142.27899999999835,83.11500000000126,286.4620000000011,1706.219999999999,7,7,0,1,1277.4789999999994
pyannote-3.1,PCUA2q2C-2A__45_107,Devanagari,0.04208532366990603,0.06565329614400871,0.9759999999999991,1.505999999999996,0.0730000000000004,60.71000000000001,3,3,0,1,59.66100000000001
pyannote-3.1,PEDfT9-Yf2o__0_469,Bengali,0.06313462493790381,0.0830070502050244,13.765000000000068,2.5139999999999176,9.139000000000095,402.6000000000001,3,3,0,1,379.6959999999999
pyannote-3.1,PQB3-4sZUeY__0_1132,Telugu,0.340498683461429,0.4685766054464746,89.1160000000008,57.45099999999956,236.20799999999994,1124.1600000000008,4,4,0,1,798.8360000000001
pyannote-3.1,PRAzUz0GANs__223_283,Kannada,0.3871348762968874,0.4977654005233487,6.426999999999996,5.033999999999999,12.792999999999996,62.649999999999984,2,2,0,1,43.42999999999999
pyannote-3.1,PSIzXy5-y2E__2_918,Devanagari,0.3245072797796397,0.3002744248891165,152.53400000000022,78.6710000000002,57.4279999999999,889.4499999999992,3,4,1,0,679.4879999999991
pyannote-3.1,PVDfS7lcJHY__0_360,Kannada,0.21720363002834278,0.29662381501046303,33.98599999999974,12.939000000000087,36.604999999999876,384.56999999999965,6,6,0,1,313.97900000000016
pyannote-3.1,Pjre5dpnKGA__0_330,Kannada,0.2140707859143186,0.4396946006342009,24.066000000000116,12.501000000000067,35.288,335.66,4,3,-1,0,276.30599999999987
pyannote-3.1,QhpjuNTZoA8__0_586,Kannada,0.32427067718714464,0.5234640560298817,35.79099999999994,10.597000000000019,150.467,607.0700000000002,3,2,-1,0,420.8120000000001
pyannote-3.1,QuA_B6IZ6Ls__61_1863,Devanagari,0.41614674739060564,0.3915025161820961,655.6260000000011,131.58799999999923,203.9559999999982,2381.7800000000043,4,5,1,0,1522.198000000003
pyannote-3.1,RL2fhIEEbZg__0_65,Telugu,0.14609744921338044,0.4342006072183468,3.369000000000021,1.1300000000000026,5.065999999999995,65.47000000000001,3,3,0,1,57.035
pyannote-3.1,RL2fhIEEbZg__66_1034,Telugu,0.27922949232258915,0.31121781972823975,114.34700000000066,80.71699999999882,87.53300000000043,1012.0600000000012,3,3,0,1,810.1800000000001
pyannote-3.1,RWTmftezCwI__0_60,Malayalam,0.13550999310820147,0.15074146069989144,5.854000000000018,1.913999999999998,0.09699999999999953,58.04000000000001,2,2,0,1,52.088999999999984
pyannote-3.1,RZUZyvRzi80__0_336,Gurmukhi,0.024507408209347575,0.032258133598100605,3.5889999999999844,2.595999999999993,1.7379999999999995,323.28999999999996,4,4,0,1,317.963
pyannote-3.1,SZ7ay4OjfAE__0_897,Telugu,0.3603655031614839,0.4999225931824909,130.08400000000046,33.7459999999998,199.78600000000017,1009.0199999999999,5,4,-1,0,679.1499999999997
pyannote-3.1,T3I2T-cfhG4__160_210,Devanagari,0.12484564615712154,0.14059071266674913,1.9969999999999999,3.019999999999998,0.8470000000000013,46.97,2,2,0,1,44.126000000000005
pyannote-3.1,TU3M6wSQV_g__99_171,Telugu,0.23887323943661973,0.4689159915627488,3.970000000000019,4.476999999999986,9.360999999999997,74.55000000000001,2,2,0,1,61.219
pyannote-3.1,Tlha36rSd5o__240_374,Tamil,0.17006476373231,0.14668450479654582,12.416000000000004,7.954000000000006,0.8999999999999986,125.07,2,2,0,1,111.75399999999998
pyannote-3.1,TrPnW5kLAyQ__93_513,Devanagari,0.22550743734637588,0.25385473748438486,60.196000000000176,19.794000000000125,9.001999999999988,394.6299999999999,4,4,0,1,325.43199999999973
pyannote-3.1,U_EHjxThUgc__181_289,Bengali,0.1522138084632518,0.1853666163242463,7.4420000000000135,4.711999999999996,4.932000000000006,112.25,3,3,0,1,99.87599999999998
pyannote-3.1,VHlIFsHPWbk__23_470,Oriya,0.09471010294576351,0.12590061091554502,14.80899999999976,11.648999999999909,16.046000000000085,448.78,4,4,0,1,417.9250000000001
pyannote-3.1,VKY0uuZ6Om8__575_935,Devanagari,0.3868051415353053,0.4707942899210133,75.76499999999984,39.161999999999814,47.27200000000007,419.3300000000004,3,3,0,1,296.29300000000046
pyannote-3.1,VY_4x1scS-Y__13_121,Tamil,0.3067145846601764,0.37715376125240196,9.056000000000008,4.346999999999991,20.307999999999993,109.91,4,4,0,1,80.54599999999998
reverb-v2,0AEEA8NyVwY__11_609,Devanagari,0.07826657213753956,0.0868271174664285,2.6280000000000143,38.68799999999977,2.8420000000000574,564.2000000000003,3,3,0,1,558.7300000000002
reverb-v2,0SoItGfM_sY__7_88,Kannada,0.3310344827586208,0.6126800255726159,0.007999999999995566,11.09800000000001,12.030000000000001,69.89,5,3,-2,0,57.852
reverb-v2,0VEwL9XZ0LY__261_557,Devanagari,0.12765354439567345,0.15122049995746462,9.92700000000006,16.797000000000097,10.21000000000004,289.33,2,2,0,1,269.19299999999987
reverb-v2,0esIFSOAcFs__0_913,Gujarati,0.052848867369877185,0.06676887838111772,22.59100000000025,12.130999999999865,14.17799999999987,925.2800000000004,3,3,0,1,888.5110000000002
reverb-v2,0p6cktLGIfY__12_930,Gujarati,0.30776425213932723,0.5913277164342582,25.365000000000194,122.86499999999988,107.12199999999976,829.7,6,4,-2,0,697.2130000000001
reverb-v2,13VBh0Z6QmE__0_904,Tamil,0.1625760923479278,0.2427893002261805,23.81399999999979,47.03400000000044,73.36999999999942,887.0799999999991,4,4,0,1,789.896
reverb-v2,1LFl5JEipII__0_597,Bengali,0.35348119082146234,0.5073347382047382,51.10700000000049,75.29699999999985,80.78899999999994,586.1500000000003,5,4,-1,0,454.254
reverb-v2,2HGP34TNvjg__84_194,Oriya,0.22387690480902422,0.28487788525681335,1.2870000000000026,11.026999999999996,10.310999999999993,101.06,2,2,0,1,89.462
reverb-v2,2LN6vb7EBn0__98_394,Tamil,0.20668944121030428,0.29080337899196956,6.613000000000023,16.84300000000001,35.83699999999995,286.86999999999995,3,3,0,1,244.42
reverb-v2,2T4pjueLrsk__677_1290,Gujarati,0.35881314153268873,0.548843105576554,21.582000000000175,90.84200000000038,82.63399999999969,543.6199999999999,4,3,-1,0,439.4040000000001
reverb-v2,2gGHQgj9yno__0_99,Gujarati,0.3471757549424286,0.6374213227255386,12.540999999999979,11.420999999999982,7.9990000000000165,92.06,4,2,-2,0,71.52000000000001
reverb-v2,2iMXYxBTwbM__339_401,Devanagari,0.7533963585434172,0.8085819087527133,7.786000000000003,14.285999999999984,20.962000000000014,57.12000000000001,3,2,-1,0,28.372
reverb-v2,37dND_0r6S8__60_222,Tamil,0.34293500799810406,0.4658775204239839,14.250999999999955,7.860999999999996,35.77200000000002,168.78999999999996,2,2,0,1,118.767
reverb-v2,4Qg2jWP6_T0__136_202,Gurmukhi,0.7503552145495879,0.8711659557180581,12.920000000000002,7.7999999999999945,32.09,70.38000000000001,3,1,-2,0,25.370000000000005
reverb-v2,6-726qTlYeg__102_162,Malayalam,0.35500358937544874,0.467351213019864,9.670999999999998,2.1810000000000045,12.874000000000004,69.65,2,2,0,1,47.105
reverb-v2,6ZeRgvDHwcI__6_100,Gujarati,0.6738862559241697,0.5060838213626759,2.682999999999989,29.562999999999963,10.411000000000012,63.30000000000003,2,2,0,1,50.20600000000003
reverb-v2,6f6TLzlP8Wk__82_144,Gurmukhi,0.5954831040923756,0.62373714249476,5.893000000000001,7.683000000000002,21.492000000000004,58.89000000000001,2,3,1,0,31.505000000000003
reverb-v2,7L4gi7Ncc0s__90_148,Malayalam,0.09464702712412434,0.1554172106882224,0.01100000000000267,2.3210000000000015,2.9369999999999976,55.669999999999995,2,2,0,1,52.721999999999994
reverb-v2,7WhVNRHbjIY__91_1089,Tamil,0.09116681887061295,0.14825967767143383,13.12899999999992,16.95900000000005,60.75699999999971,996.4699999999998,5,5,0,1,922.5840000000002
reverb-v2,7YfsQPYY-W0__351_411,Oriya,0.5025680933852139,0.7109518253042173,6.989999999999995,2.720000000000004,22.57999999999999,64.25,2,1,-1,0,34.68000000000001
reverb-v2,7c9ePKgqams__299_869,Telugu,0.25907070049880704,0.547231651607685,4.231999999999951,24.112,115.005,553.32,4,3,-1,0,434.08300000000014
reverb-v2,7k-xDqNjESc__73_981,Malayalam,0.2698303234216073,0.6429111551723413,37.562999999999825,48.57300000000024,156.0610000000003,897.5899999999995,4,2,-2,0,703.9659999999994
reverb-v2,83gP2vLH7UY__255_2005,Devanagari,0.2662202366389061,0.3119740110512434,341.7459999999984,55.40600000000103,146.90100000000143,2043.619999999998,5,5,0,1,1554.972999999998
reverb-v2,86mMTUeDiR8__181_1079,Bengali,0.6466385379555211,0.8790180173702101,44.30400000000014,112.2340000000004,375.26399999999956,822.4099999999999,5,2,-3,0,402.8420000000001
reverb-v2,87Zbup3ohcw__106_445,Tamil,0.17186631266593808,0.39999147825412723,4.791000000000011,23.621000000000038,26.611000000000026,320.15,4,3,-1,0,288.748
reverb-v2,8Ve4SWhlrrA__0_70,Oriya,0.13143707882776995,0.5598742497856529,0.007000000000005002,6.177000000000006,2.2029999999999887,63.809999999999995,2,1,-1,0,61.6
reverb-v2,8mvORuRHw2U__0_1197,Gujarati,0.15304747610668304,0.16796018739085064,46.12699999999979,90.86699999999986,40.437000000000054,1159.3199999999995,4,4,0,1,1072.7559999999996
reverb-v2,8o7jKmq6HsM__30_1770,Devanagari,0.09683163946671523,0.11726615658282369,89.31100000000097,52.91099999999962,28.894999999999982,1767.160000000001,6,6,0,1,1648.954
reverb-v2,8pkp-lpMJP0__326_926,Telugu,0.38475955503614306,0.7054209269191541,121.32099999999976,33.25100000000037,112.10100000000007,693.0899999999995,8,4,-4,0,459.6679999999998
reverb-v2,8r2Nltl0W4o__259_320,Gurmukhi,0.13303732938661417,0.5552549598294804,1.3599999999999977,1.5300000000000082,5.2,60.809999999999995,2,1,-1,0,54.24999999999999
reverb-v2,90uAd6xpTPo__16_408,Devanagari,0.07940613550609724,0.0942870488282911,2.4839999999999947,18.12399999999995,8.434000000000061,365.74,4,4,0,1,354.82199999999995
reverb-v2,9Aw8kg8w5Xo__0_83,Telugu,0.11187103077674666,0.5608415191411158,1.7370000000000232,4.497000000000002,2.925999999999995,81.88000000000002,4,2,-2,0,77.217
reverb-v2,9_GMxc_JjyI__236_368,Kannada,0.15432541133455188,0.5505504329971891,7.76699999999999,2.9969999999999692,10.340000000000012,136.75,2,1,-1,0,118.643
reverb-v2,ARCKJrGkITw__14_496,Telugu,0.29239606774843063,0.38155507329011273,38.98099999999994,19.941000000000045,89.19999999999999,506.57999999999987,3,3,0,1,378.399
reverb-v2,ARZl7LT0UC0__73_130,Telugu,0.2753295362082997,0.4364088416664486,4.669000000000011,1.679000000000011,10.570999999999996,61.45,3,3,0,1,46.209999999999994
reverb-v2,A_dohDOK6Ic__0_600,Devanagari,0.055995987686347864,0.05845300609683348,2.485999999999933,25.96600000000008,3.9260000000000446,578.2199999999999,3,3,0,1,571.8079999999999
reverb-v2,B2ScTgeIIck__117_180,Oriya,0.23566496547583327,0.31572281163676197,5.382999999999999,1.7430000000000043,8.57400000000001,66.62,2,2,0,1,52.66299999999998
reverb-v2,BGAAfht5dYw__0_612,Gujarati,0.270109928973505,0.3471733292532507,81.77499999999998,31.355000000000054,70.17199999999994,678.62,4,4,0,1,526.6730000000001
reverb-v2,BYLcUGNB_zM__20_1387,Kannada,0.10589143414988549,0.12432739776080162,7.093000000000501,58.62299999999968,74.21000000000004,1321.4100000000003,4,6,2,0,1240.1069999999997
reverb-v2,Bngfppo1QtA__28_927,Telugu,0.3643113430645026,0.467414568230401,108.08700000000093,48.867000000000004,200.4499999999988,981.0400000000004,5,5,0,1,672.5030000000008
reverb-v2,CO_8ppdzq9U__0_695,Tamil,0.16391214993405098,0.19761386200532038,11.91000000000033,56.04999999999994,38.9139999999997,652.0200000000003,4,4,0,1,601.1960000000004
reverb-v2,Cku_X_SL7qU__60_660,Gujarati,0.5749209291081605,0.5172535890983015,50.06699999999974,159.59700000000015,75.72099999999992,496.39000000000004,3,3,0,1,370.6020000000004
reverb-v2,DPmew0didIM__191_512,Telugu,0.277908472707223,0.4658365877047331,18.44500000000003,17.065000000000097,55.21599999999987,326.4599999999999,5,5,0,1,252.79900000000004
reverb-v2,EmsKkNN2Me4__35_95,Malayalam,0.4143563540464812,0.5160893084747116,3.6809999999999983,3.011000000000001,18.44700000000001,60.669999999999995,2,3,1,0,38.54199999999999
reverb-v2,ExGJodnzocM__212_527,Devanagari,0.2180743897714066,0.32094934304815104,4.2790000000000035,12.39899999999999,50.864000000000054,309.72,4,4,0,1,254.577
reverb-v2,F2uXav-wriA__0_907,Devanagari,0.14920772332778195,0.2235109340697766,28.61400000000036,28.553999999999782,78.99300000000059,912.5600000000003,4,4,0,1,804.9529999999993
reverb-v2,FDMf9ApmoNU__16_686,Bengali,0.3486366316594683,0.554586288762821,50.77300000000029,102.50299999999993,65.48999999999964,627.4900000000002,4,3,-1,0,511.2270000000003
reverb-v2,G6qzg93FxwE__21_116,Gujarati,0.0381274857572828,0.04949404273126011,0.5670000000000002,2.5170000000000106,0.46300000000000807,93.02999999999999,2,2,0,1,91.99999999999997
reverb-v2,GEc_sS2KWo8__96_290,Gujarati,0.4479179239589623,0.6298178467827553,5.4380000000000095,52.64800000000003,8.711999999999987,149.12999999999997,4,3,-1,0,134.97999999999996
reverb-v2,GfFLEIAAumk__90_163,Bengali,0.10748743035738562,0.15677422553714387,2.0500000000000114,1.439999999999996,4.420000000000002,73.59000000000002,2,2,0,1,67.12
reverb-v2,Gq45evw6ytY__597_1464,Oriya,0.2855117967947037,0.32130676919397455,69.8629999999997,60.572999999998714,122.35900000000035,885.4100000000007,3,3,0,1,693.1880000000006
reverb-v2,HZv_WvIr6lE__21_105,Tamil,0.249708374601078,0.2908204950688092,10.581999999999976,4.61199999999998,7.496999999999998,90.86999999999998,3,3,0,1,72.791
reverb-v2,HpYG46tGyYs__103_998,Devanagari,0.05935232167945817,0.07592747191636151,1.8919999999998254,37.52199999999969,11.702000000000236,861.23,4,4,0,1,847.636
reverb-v2,IAm1rt-MYcA__4_558,Bengali,0.2262086843810761,0.3184048361911085,25.298000000000044,40.20800000000009,56.657999999999944,540.0499999999997,4,4,0,1,458.09399999999977
reverb-v2,Iare1Emeueg__16_69,Devanagari,0.5895977808599168,0.6527216404040799,1.2679999999999936,9.728000000000005,14.510000000000003,43.260000000000005,2,3,1,0,27.482000000000003
reverb-v2,IfTL8SSN270__62_671,Devanagari,0.21116409324856186,0.26678712812628963,65.1630000000002,23.262999999999888,51.06899999999996,660.6000000000005,4,4,0,1,544.3680000000002
reverb-v2,Ig6szCD8m20__46_106,Devanagari,0.21671701913393754,0.326504972818538,1.3400000000000016,1.6599999999999955,9.912000000000003,59.580000000000005,2,2,0,1,48.328
reverb-v2,Iqhnt8ENm3U__27_88,Devanagari,0.6875300480769233,0.7170673927085005,10.991000000000003,6.211000000000004,28.56000000000001,66.56,3,4,1,0,27.008999999999986
reverb-v2,J4-VpEkBzWw__0_600,Kannada,0.1131558402243359,0.12873000792602973,39.52699999999992,15.616999999999873,15.876000000000154,627.6300000000001,7,7,0,1,572.2269999999999
reverb-v2,JBYGLQJwFDc__103_407,Tamil,0.3989064957986416,0.6232794130888349,3.173000000000009,47.22300000000007,53.5709999999999,260.63000000000005,3,2,-1,0,203.88600000000014
reverb-v2,JSB1CeS4pP8__0_632,Gurmukhi,0.17693299958537423,0.18946185015151756,57.16899999999984,43.538999999999994,14.509000000000007,651.1899999999999,4,4,0,1,579.5120000000001
reverb-v2,Jc5AVwg2cZM__153_214,Devanagari,0.6877332907959801,0.663466527814416,16.185000000000002,14.135000000000016,12.79399999999997,62.69,3,3,0,1,33.71100000000002
reverb-v2,KAtdcDieQMw__57_599,Oriya,0.22096698645108712,0.29072936064414345,52.74199999999958,26.11200000000013,48.518000000000335,576.4299999999995,3,3,0,1,475.1699999999995
reverb-v2,KPkRi3GM7fs__47_642,Oriya,0.08538562816159666,0.12544056365786824,1.6779999999999724,21.697999999999972,25.91200000000011,577.24,3,3,0,1,549.65
reverb-v2,Kdi-ECuOaKg__2_78,Malayalam,1.3960112503196105,0.7678226666101765,0.007000000000005002,37.876999999999974,16.714000000000013,39.11000000000002,6,6,0,1,22.389000000000003
reverb-v2,L7xRazDdtgw__19_83,Gujarati,0.8910241387391609,0.8680608851368636,0.9960000000000004,20.105999999999995,16.918000000000003,42.67000000000001,3,1,-2,0,24.756
reverb-v2,LBIWBxQ5H1s__90_1020,Malayalam,0.27152049645463894,0.35697963014114054,68.36900000000028,50.19899999999997,142.20299999999963,960.4100000000002,4,4,0,1,749.8380000000002
reverb-v2,LK23jX9tgZM__59_221,Gujarati,0.32258193673854607,0.5571059045798813,25.80799999999998,12.87800000000004,17.71099999999997,174.82999999999996,3,2,-1,0,131.311
reverb-v2,LctYmmr9-Vg__0_61,Devanagari,0.21949843260188104,0.176281634292115,0.7350000000000153,9.724999999999994,0.04299999999999926,47.85000000000001,2,2,0,1,47.071999999999996
reverb-v2,LqQHdo7t5Ps__198_498,Devanagari,0.12220140993767684,0.20781856019248945,0.5719999999999884,6.922000000000105,28.38799999999994,293.6299999999999,3,3,0,1,264.66999999999996
reverb-v2,Md3p6RTanBg__315_426,Bengali,0.11298357180710122,0.12771008288873864,5.688000000000031,3.987999999999982,3.1159999999999926,113.22000000000004,3,3,0,1,104.41600000000003
reverb-v2,MmtWBUK2DKE__0_310,Devanagari,0.19039308432555885,0.40528768089934186,12.590999999999937,17.921000000000085,27.853000000000023,306.5499999999999,5,4,-1,0,266.10599999999994
reverb-v2,NLgHpYyf5bY__313_383,Devanagari,0.1313107853099143,0.2569568931247769,0.6709999999999919,1.9209999999999963,6.454000000000007,68.89,2,2,0,1,61.765
reverb-v2,NuhdqCEuIBo__197_540,Gurmukhi,0.17790753299378148,0.4761454134773071,19.67399999999992,9.48400000000015,34.06500000000001,355.3699999999998,3,2,-1,0,301.6309999999999
reverb-v2,O4_aeGFzZ8A__0_335,Kannada,0.06407133536320146,0.09592732033436362,0.2009999999999934,12.221000000000029,8.200000000000003,321.86,8,8,0,1,313.459
reverb-v2,OXUt5KnlUMo__91_181,Oriya,0.2130485122148893,0.3385182067306135,0.01100000000000267,4.380999999999979,14.009000000000013,86.37000000000003,2,2,0,1,72.35000000000002
reverb-v2,OxYCBQKZ3iY__0_1822,Gurmukhi,0.42896812837734943,0.47967808499924425,109.23100000000024,238.5710000000008,384.1119999999996,1706.219999999999,7,6,-1,0,1212.876999999999
reverb-v2,PCUA2q2C-2A__45_107,Devanagari,0.06590347553944971,0.12068961552690709,0.38700000000000045,2.55699999999999,1.0570000000000022,60.71000000000001,3,3,0,1,59.266000000000005
reverb-v2,PEDfT9-Yf2o__0_469,Bengali,0.1653030303030301,0.17256198074025297,4.408999999999935,47.1089999999999,15.0330000000001,402.6000000000001,3,3,0,1,383.1580000000001
reverb-v2,PQB3-4sZUeY__0_1132,Telugu,0.4373541132934812,0.52597721195195,103.5080000000005,140.76799999999918,247.38000000000045,1124.1600000000008,4,4,0,1,773.2719999999998
reverb-v2,PRAzUz0GANs__223_283,Kannada,0.3275818036711891,0.47505932182801924,4.770999999999983,2.101000000000002,13.651000000000007,62.649999999999984,2,2,0,1,44.227999999999994
reverb-v2,PSIzXy5-y2E__2_918,Devanagari,0.20607004328517672,0.21308647843140585,37.98000000000005,74.87000000000066,70.43899999999957,889.4499999999992,3,4,1,0,781.0309999999997
reverb-v2,PVDfS7lcJHY__0_360,Kannada,0.3192708739631273,0.4209671701050836,36.884999999999714,22.75499999999998,63.142000000000095,384.5699999999997,6,6,0,1,284.54299999999995
reverb-v2,Pjre5dpnKGA__0_330,Kannada,0.2541440743609604,0.4649973397243581,25.28999999999987,25.229999999999954,34.78600000000012,335.6599999999999,4,3,-1,0,275.58399999999995
reverb-v2,QhpjuNTZoA8__0_586,Kannada,0.32059564794834206,0.5236226172127216,29.7400000000002,11.370000000000005,153.51399999999987,607.0700000000002,3,2,-1,0,423.816
reverb-v2,QuA_B6IZ6Ls__61_1863,Devanagari,0.3810343524590856,0.3592234325932684,644.4650000000021,81.58499999999975,181.49,2381.780000000002,4,4,0,1,1555.8250000000005
reverb-v2,RL2fhIEEbZg__0_65,Telugu,0.17059722010080983,0.4854337545326329,3.259000000000018,3.329000000000002,4.5809999999999995,65.47,3,2,-1,0,57.629999999999995
reverb-v2,RL2fhIEEbZg__66_1034,Telugu,0.17529197873643848,0.22748667270686176,67.82300000000089,32.58299999999926,76.99999999999996,1012.0600000000011,3,3,0,1,867.2370000000002
reverb-v2,RWTmftezCwI__0_60,Malayalam,0.35392832529290136,0.39412042451914153,1.2070000000000007,5.246999999999992,14.088000000000005,58.040000000000006,2,3,1,0,42.745000000000005
reverb-v2,RZUZyvRzi80__0_336,Gurmukhi,0.041606607071050745,0.0396931324656211,0.027999999999991587,13.158000000000005,0.26500000000000057,323.29,4,4,0,1,322.997
reverb-v2,SZ7ay4OjfAE__0_897,Telugu,0.47756932469128516,0.685178859035814,156.43600000000043,59.8159999999999,265.6250000000001,1009.0199999999999,5,3,-2,0,586.959
reverb-v2,T3I2T-cfhG4__160_210,Devanagari,0.0645518416010219,0.06352653487802667,0.01100000000000267,3.0209999999999955,0.0,46.97,2,2,0,1,46.958999999999996
reverb-v2,TU3M6wSQV_g__99_171,Telugu,0.1801073105298458,0.5708739077889062,3.2300000000000173,0.659999999999993,9.536999999999997,74.55000000000001,2,1,-1,0,61.783
reverb-v2,Tlha36rSd5o__240_374,Tamil,0.09105301031422423,0.0986472027965951,1.2500000000000098,9.180000000000014,0.9579999999999984,125.06999999999998,2,2,0,1,122.86199999999998
reverb-v2,TrPnW5kLAyQ__93_513,Devanagari,0.20959633074018724,0.23872596854334466,17.784000000000006,48.89400000000022,16.034999999999833,394.6299999999999,4,4,0,1,360.81100000000004
reverb-v2,U_EHjxThUgc__181_289,Bengali,0.08594209354120266,0.10832512536750265,5.530999999999995,1.4010000000000105,2.7149999999999928,112.25,3,3,0,1,104.004
reverb-v2,VHlIFsHPWbk__23_470,Oriya,0.13090155532777703,0.1626794950843331,13.088999999999885,12.708999999999943,32.94799999999995,448.78000000000003,4,5,1,0,402.74300000000017
reverb-v2,VKY0uuZ6Om8__575_935,Devanagari,0.3022869816135257,0.429757061955,65.47700000000006,9.846999999999717,51.43400000000007,419.3300000000004,3,3,0,1,302.4190000000002
reverb-v2,VY_4x1scS-Y__13_121,Tamil,0.28993722136293304,0.43496492886670957,4.2899999999999885,2.879999999999985,24.696999999999996,109.91,4,3,-1,0,80.923
diarizen-large,0AEEA8NyVwY__11_609,Devanagari,0.14773839064161548,0.14531294472188314,66.01999999999975,15.519999999999797,1.8139999999999645,564.2000000000004,3,3,0,1,496.3660000000006
diarizen-large,0SoItGfM_sY__7_88,Kannada,0.4287737873801693,0.6279397355853369,11.163000000000016,7.900000000000018,10.904,69.89,5,4,-1,0,47.82299999999998
diarizen-large,0VEwL9XZ0LY__261_557,Devanagari,0.3019942626067118,0.32798666640631535,43.81299999999987,22.842999999999954,20.720000000000102,289.33,2,2,0,1,224.797
diarizen-large,0esIFSOAcFs__0_913,Gujarati,0.05703895037177911,0.06266291679748794,38.56000000000016,9.69999999999959,4.517000000000053,925.2800000000004,3,3,0,1,882.2030000000001
diarizen-large,0p6cktLGIfY__12_930,Gujarati,0.45372785344100325,0.6138282664833984,156.2760000000005,114.65600000000045,105.52599999999947,829.7,6,5,-1,0,567.8980000000001
diarizen-large,13VBh0Z6QmE__0_904,Tamil,0.051882581052441944,0.06490646883474278,20.11199999999958,13.89200000000071,12.019999999999865,887.0799999999991,4,4,0,1,854.9479999999998
diarizen-large,1LFl5JEipII__0_597,Bengali,0.3778537916915466,0.5766433820669069,30.74000000000011,21.309999999999814,169.42900000000031,586.1500000000004,5,4,-1,0,385.98100000000005
diarizen-large,2HGP34TNvjg__84_194,Oriya,0.3020087076983965,0.3516905859490777,13.054999999999946,7.462999999999997,10.003000000000007,101.06,2,2,0,1,78.00200000000004
diarizen-large,2LN6vb7EBn0__98_394,Tamil,0.3293965907902536,0.3726251458391885,36.08500000000004,27.31499999999997,31.09400000000001,286.86999999999995,3,4,1,0,219.69099999999992
diarizen-large,2T4pjueLrsk__677_1290,Gujarati,0.4692450608881205,0.5715679118804239,97.9689999999998,65.41700000000013,91.70500000000013,543.6199999999999,4,5,1,0,353.946
diarizen-large,2gGHQgj9yno__0_99,Gujarati,0.2596350206387136,0.3558618590537353,11.331999999999969,7.292000000000009,5.277999999999995,92.06,4,4,0,1,75.45000000000003
diarizen-large,2iMXYxBTwbM__339_401,Devanagari,0.8483368347338932,0.8199675644147183,16.557000000000002,15.865000000000002,16.034999999999993,57.12000000000002,3,2,-1,0,24.52800000000002
diarizen-large,37dND_0r6S8__60_222,Tamil,0.47615380058060325,0.540472596798167,20.060999999999964,19.47799999999996,40.831000000000074,168.78999999999996,2,2,0,1,107.89799999999993
diarizen-large,4Qg2jWP6_T0__136_202,Gurmukhi,0.7389315146348391,0.725439010705566,18.117,10.45699999999999,23.432000000000002,70.38000000000004,3,4,1,0,28.83100000000001
diarizen-large,6-726qTlYeg__102_162,Malayalam,0.43751615218951884,0.5025898560781471,8.326999999999995,7.983999999999982,14.162000000000011,69.65,2,2,0,1,47.161
diarizen-large,6ZeRgvDHwcI__6_100,Gujarati,0.659225908372827,0.6005804497498293,23.373999999999985,11.033999999999978,7.321000000000005,63.30000000000003,2,2,0,1,32.60500000000004
diarizen-large,6f6TLzlP8Wk__82_144,Gurmukhi,0.5849719816607238,0.6007662967128364,8.681000000000012,9.318000000000014,16.45,58.89,2,2,0,1,33.759
diarizen-large,7L4gi7Ncc0s__90_148,Malayalam,0.17113346506197233,0.2503945606135296,4.290000000000001,2.3200000000000003,2.916999999999998,55.67,2,2,0,1,48.463
diarizen-large,7WhVNRHbjIY__91_1089,Tamil,0.1332553915321077,0.20019526445529498,32.91499999999938,37.58499999999978,62.28500000000015,996.4699999999998,5,5,0,1,901.2700000000003
diarizen-large,7YfsQPYY-W0__351_411,Oriya,0.6183813229571983,0.5903869823346014,8.98399999999998,12.321999999999992,18.42500000000001,64.24999999999999,2,3,1,0,36.841
diarizen-large,7c9ePKgqams__299_869,Telugu,0.37020169160702654,0.6213340285727371,55.09799999999959,20.438000000000095,129.30400000000026,553.32,4,3,-1,0,368.9180000000002
diarizen-large,7k-xDqNjESc__73_981,Malayalam,0.4196637663075577,0.6600133450490426,146.94599999999994,65.62299999999995,164.1170000000006,897.5899999999995,4,3,-1,0,586.5269999999989
diarizen-large,83gP2vLH7UY__255_2005,Devanagari,0.33575469020659554,0.34051619700633057,245.8259999999991,274.95300000000304,165.3759999999998,2043.6199999999978,5,5,0,1,1632.417999999999
diarizen-large,86mMTUeDiR8__181_1079,Bengali,0.4692501307133902,0.5759448176511535,154.43099999999941,117.04099999999987,114.44399999999992,822.4099999999999,5,5,0,1,553.5350000000005
diarizen-large,87Zbup3ohcw__106_445,Tamil,0.2333687334062162,0.3581735611961647,36.76899999999995,23.299000000000063,14.645000000000097,320.15,4,4,0,1,268.736
diarizen-large,8Ve4SWhlrrA__0_70,Oriya,0.06425325184140389,0.05552348120966107,4.0909999999999815,0.009000000000000341,0.0,63.809999999999995,2,2,0,1,59.71900000000001
diarizen-large,8mvORuRHw2U__0_1197,Gujarati,0.14979815754062667,0.17614496505962085,98.76899999999912,31.689000000000398,43.20599999999971,1159.3199999999995,4,4,0,1,1017.3450000000007
diarizen-large,8o7jKmq6HsM__30_1770,Devanagari,0.13863487177165665,0.15700724597492033,166.13799999999964,39.458000000000936,39.39400000000033,1767.160000000001,6,7,1,0,1561.628000000001
diarizen-large,8pkp-lpMJP0__326_926,Telugu,0.2941075473603714,0.459837642186444,94.06399999999894,31.65400000000005,78.12500000000055,693.0899999999991,8,8,0,1,520.9010000000001
diarizen-large,8r2Nltl0W4o__259_320,Gurmukhi,0.32853149153099875,0.634151318558194,4.971000000000008,3.3490000000000077,11.65800000000001,60.80999999999998,2,2,0,1,44.180999999999976
diarizen-large,90uAd6xpTPo__16_408,Devanagari,0.11003718488543734,0.12290834218241081,19.194999999999755,13.114999999999966,7.935000000000134,365.74,4,4,0,1,338.6100000000001
diarizen-large,9Aw8kg8w5Xo__0_83,Telugu,0.0819980459208596,0.44105863398796663,4.42000000000001,1.4069999999999823,0.8869999999999933,81.88000000000001,4,3,-1,0,76.57300000000002
diarizen-large,9_GMxc_JjyI__236_368,Kannada,0.279195612431444,0.5181071858232611,14.644999999999955,11.162,12.373000000000014,136.75000000000003,2,2,0,1,109.73200000000006
diarizen-large,ARCKJrGkITw__14_496,Telugu,0.40630897390343135,0.4603653506830439,61.87899999999994,39.619000000000234,104.3300000000001,506.58,3,4,1,0,340.3709999999999
diarizen-large,ARZl7LT0UC0__73_130,Telugu,0.3324491456468675,0.47180506322112414,8.031000000000002,3.3410000000000117,9.056999999999995,61.45,3,4,1,0,44.362
diarizen-large,A_dohDOK6Ic__0_600,Devanagari,0.08847497492303856,0.08828693741420839,50.25799999999937,0.3179999999999552,0.582000000000022,578.2199999999999,3,3,0,1,527.3800000000006
diarizen-large,B2ScTgeIIck__117_180,Oriya,0.37382167517262077,0.4162573246540803,11.19199999999998,4.772000000000006,8.940000000000008,66.62,2,2,0,1,46.48800000000001
diarizen-large,BGAAfht5dYw__0_612,Gujarati,0.15012525419233175,0.1977194759230398,61.8829999999999,18.19000000000034,21.804999999999882,678.6199999999998,4,5,1,0,594.9320000000002
diarizen-large,BYLcUGNB_zM__20_1387,Kannada,0.113250997041039,0.1618393538204346,36.53099999999942,35.20900000000026,77.91099999999969,1321.4100000000003,4,4,0,1,1206.9680000000012
diarizen-large,Bngfppo1QtA__28_927,Telugu,0.5141380575715561,0.5404639556617132,169.82900000000086,145.55599999999998,189.00499999999892,981.0400000000008,5,5,0,1,622.2060000000008
diarizen-large,CO_8ppdzq9U__0_695,Tamil,0.08867826140302362,0.09885683995965647,44.885999999999896,2.825999999999489,10.108000000000104,652.0200000000003,4,4,0,1,597.0260000000003
diarizen-large,Cku_X_SL7qU__60_660,Gujarati,0.6908378492717412,0.5628379179063004,107.52099999999982,179.33099999999948,56.07300000000036,496.39000000000004,3,4,1,0,332.7959999999999
diarizen-large,DPmew0didIM__191_512,Telugu,0.4165104453838143,0.523332852114381,55.62599999999983,36.18600000000011,44.162000000000056,326.4599999999999,5,5,0,1,226.67200000000008
diarizen-large,EmsKkNN2Me4__35_95,Malayalam,0.5467611669688481,0.6169000919863569,4.611000000000008,8.229000000000013,20.331999999999987,60.669999999999995,2,2,0,1,35.727
diarizen-large,ExGJodnzocM__212_527,Devanagari,0.34986116492315666,0.43399233283684385,25.735000000000063,14.683000000000007,67.94100000000003,309.72,4,5,1,0,216.04399999999995
diarizen-large,F2uXav-wriA__0_907,Devanagari,0.1221892259139128,0.1598153120419765,58.93400000000054,13.814000000000002,38.75699999999976,912.5600000000003,4,4,0,1,814.869
diarizen-large,FDMf9ApmoNU__16_686,Bengali,0.35699533060287786,0.3255814879346936,104.36699999999993,85.76500000000038,33.87899999999961,627.4900000000002,4,4,0,1,489.2440000000007
diarizen-large,G6qzg93FxwE__21_116,Gujarati,0.11139417392239052,0.12563939927303458,7.507999999999972,1.9980000000000158,0.8569999999999993,93.02999999999997,2,3,1,0,84.665
diarizen-large,GEc_sS2KWo8__96_290,Gujarati,0.34162810970294355,0.5542039268698193,32.74499999999998,13.142999999999994,5.058999999999987,149.12999999999997,4,3,-1,0,111.32599999999998
diarizen-large,GfFLEIAAumk__90_163,Bengali,0.22806087783666246,0.30519698124935696,5.684999999999995,2.4220000000000024,8.675999999999995,73.59000000000002,2,2,0,1,59.22900000000001
diarizen-large,Gq45evw6ytY__597_1464,Oriya,0.4330355428558515,0.43862501921147756,135.2770000000001,101.06699999999933,147.07000000000033,885.4100000000007,3,3,0,1,603.0630000000002
diarizen-large,HZv_WvIr6lE__21_105,Tamil,0.23064817871684834,0.24757044763163535,7.350999999999982,8.427999999999992,5.180000000000028,90.86999999999998,3,3,0,1,78.33899999999996
diarizen-large,HpYG46tGyYs__103_998,Devanagari,0.13193339758252765,0.1398823126494372,66.6260000000002,35.71600000000002,11.283000000000051,861.23,4,4,0,1,783.3209999999998
diarizen-large,IAm1rt-MYcA__4_558,Bengali,0.3376279974076473,0.4062045988246151,66.25799999999975,55.82800000000028,60.249999999999815,540.0499999999997,4,5,1,0,413.5420000000002
diarizen-large,Iare1Emeueg__16_69,Devanagari,0.5144475265834489,0.4703008805392077,14.904999999999992,6.240000000000003,1.1100000000000045,43.26,2,2,0,1,27.245
diarizen-large,IfTL8SSN270__62_671,Devanagari,0.3395837117771727,0.3596368613039887,85.84700000000029,76.39500000000014,62.08699999999983,660.5999999999999,4,4,0,1,512.6660000000002
diarizen-large,Ig6szCD8m20__46_106,Devanagari,0.2900805639476334,0.392687819744018,2.8930000000000082,2.8409999999999913,11.549,59.580000000000005,2,2,0,1,45.138000000000005
diarizen-large,Iqhnt8ENm3U__27_88,Devanagari,0.702403846153846,0.7588841576824595,14.917999999999983,6.03799999999999,25.79600000000001,66.55999999999999,3,3,0,1,25.846000000000007
diarizen-large,J4-VpEkBzWw__0_600,Kannada,0.06486783614549958,0.07384328885589324,9.345999999999666,22.476000000000138,8.891000000000105,627.6300000000001,7,7,0,1,609.3930000000001
diarizen-large,JBYGLQJwFDc__103_407,Tamil,0.49911752292521894,0.6835442165792435,52.14400000000004,31.233999999999952,46.706999999999844,260.63000000000005,3,3,0,1,161.77900000000017
diarizen-large,JSB1CeS4pP8__0_632,Gurmukhi,0.1317649226800151,0.16094512695861418,50.633999999999276,12.503999999999888,22.66599999999987,651.1899999999999,4,4,0,1,577.8900000000008
diarizen-large,Jc5AVwg2cZM__153_214,Devanagari,0.8041154889137022,0.6884953485366191,18.88999999999999,17.71999999999999,13.800000000000004,62.68999999999999,3,4,1,0,29.999999999999996
diarizen-large,KAtdcDieQMw__57_599,Oriya,0.15460853876446465,0.1801220162826216,48.097999999999715,22.495000000000605,18.527999999999928,576.4299999999993,3,3,0,1,509.8039999999998
diarizen-large,KPkRi3GM7fs__47_642,Oriya,0.09974880465664183,0.10637246202255607,35.86199999999997,15.63,6.086999999999961,577.24,3,3,0,1,535.2910000000002
diarizen-large,Kdi-ECuOaKg__2_78,Malayalam,0.625875735106111,0.7379118851358158,20.407999999999994,1.1379999999999981,2.9320000000000235,39.11000000000002,6,3,-3,0,15.770000000000003
diarizen-large,L7xRazDdtgw__19_83,Gujarati,0.8339582845090225,0.7688312506754585,10.852999999999987,7.583000000000007,17.149000000000008,42.67000000000001,3,4,1,0,14.66800000000001
diarizen-large,LBIWBxQ5H1s__90_1020,Malayalam,0.39064566174862786,0.43046830675981074,111.2859999999996,107.78399999999971,156.11000000000038,960.4100000000001,4,4,0,1,693.0140000000002
diarizen-large,LK23jX9tgZM__59_221,Gujarati,0.31667905965795357,0.4227204130008426,37.69699999999994,9.20700000000002,8.461000000000034,174.82999999999993,3,3,0,1,128.67199999999997
diarizen-large,LctYmmr9-Vg__0_61,Devanagari,0.1278160919540231,0.12534630379121242,5.229000000000013,0.8869999999999937,0.0,47.85000000000001,2,2,0,1,42.620999999999995
diarizen-large,LqQHdo7t5Ps__198_498,Devanagari,0.1891053366481627,0.2630990195039597,18.222999999999935,7.400000000000086,29.903999999999975,293.6299999999999,3,3,0,1,245.50300000000001
diarizen-large,Md3p6RTanBg__315_426,Bengali,0.055617382087970166,0.054635173987624186,5.072000000000001,0.6389999999999709,0.5860000000000127,113.22000000000004,3,3,0,1,107.56200000000003
diarizen-large,MmtWBUK2DKE__0_310,Devanagari,0.062283477409883575,0.25140025173821046,14.061999999999786,4.192000000000061,0.838999999999956,306.5499999999999,5,4,-1,0,291.64900000000017
diarizen-large,NLgHpYyf5bY__313_383,Devanagari,0.25410074031063973,0.38578134922133056,7.889999999999965,2.1799999999999917,7.435000000000015,68.89,2,2,0,1,53.56500000000002
diarizen-large,NuhdqCEuIBo__197_540,Gurmukhi,0.27530461209443635,0.39466927005522257,37.09099999999978,19.56899999999999,41.17500000000001,355.3699999999998,3,3,0,1,277.10400000000004
diarizen-large,O4_aeGFzZ8A__0_335,Kannada,0.09574349095880177,0.11652088292267526,26.740999999999964,1.5409999999999542,2.534000000000024,321.86,8,8,0,1,292.585
diarizen-large,OXUt5KnlUMo__91_181,Oriya,0.3043649415306235,0.4311445292044561,7.682999999999971,3.6199999999999672,14.985000000000024,86.37000000000003,2,2,0,1,63.702000000000034
diarizen-large,OxYCBQKZ3iY__0_1822,Gurmukhi,0.12675387699124263,0.15229058263307152,116.88399999999635,37.13100000000114,62.255000000000365,1706.219999999999,7,7,0,1,1527.0810000000022
diarizen-large,PCUA2q2C-2A__45_107,Devanagari,0.06224674682918799,0.0822811337580933,2.2890000000000095,1.1869999999999963,0.30299999999999727,60.71000000000001,3,3,0,1,58.118
diarizen-large,PEDfT9-Yf2o__0_469,Bengali,0.07213114754098374,0.07211711402289134,28.344000000000033,0.6320000000000654,0.06399999999996453,402.60000000000014,3,3,0,1,374.1920000000001
diarizen-large,PQB3-4sZUeY__0_1132,Telugu,0.3209649871904375,0.43635285840691584,109.98199999999974,44.342000000000915,206.49200000000172,1124.1600000000008,4,4,0,1,807.6859999999994
diarizen-large,PRAzUz0GANs__223_283,Kannada,0.46526735833998395,0.5581828125280134,8.08599999999999,5.9239999999999835,15.13900000000001,62.649999999999984,2,2,0,1,39.42499999999999
diarizen-large,PSIzXy5-y2E__2_918,Devanagari,0.30332677497329774,0.2921332595817266,136.18599999999935,91.0760000000004,42.53199999999973,889.4499999999994,3,3,0,1,710.7320000000002
diarizen-large,PVDfS7lcJHY__0_360,Kannada,0.15936760537743438,0.22747737105221244,32.701999999999884,8.99200000000011,19.593999999999888,384.56999999999965,6,6,0,1,332.274
diarizen-large,Pjre5dpnKGA__0_330,Kannada,0.2088214264434252,0.43152833925180334,27.886000000000024,9.533000000000168,32.67399999999992,335.6600000000001,4,3,-1,0,275.1
diarizen-large,QhpjuNTZoA8__0_586,Kannada,0.10433228458003241,0.12330108714981049,33.77400000000015,15.951000000000207,13.61199999999998,607.0700000000006,3,3,0,1,559.684
diarizen-large,QuA_B6IZ6Ls__61_1863,Devanagari,0.41881156110136,0.4007582154006899,672.6199999999997,127.42700000000156,197.46999999999883,2381.780000000007,4,4,0,1,1511.690000000004
diarizen-large,RL2fhIEEbZg__0_65,Telugu,0.10525431495341413,0.42243229502789964,2.919000000000029,1.5159999999999982,2.455999999999996,65.47,3,2,-1,0,60.094999999999985
diarizen-large,RL2fhIEEbZg__66_1034,Telugu,0.30174396774894674,0.33460613729428684,126.10499999999978,84.26499999999882,95.01300000000077,1012.060000000001,3,3,0,1,790.9420000000006
diarizen-large,RWTmftezCwI__0_60,Malayalam,0.4334079944865611,0.35993209485658384,6.1800000000000015,1.6869999999999976,17.28800000000001,58.040000000000006,2,4,2,0,34.571999999999996
diarizen-large,RZUZyvRzi80__0_336,Gurmukhi,0.06410962293915702,0.0651198429491894,19.69800000000009,0.8679999999999737,0.1600000000000108,323.29,4,4,0,1,303.4319999999999
diarizen-large,SZ7ay4OjfAE__0_897,Telugu,0.19037581019206834,0.2536567464174214,97.635000000001,40.075000000000486,54.382999999999434,1009.0200000000007,5,5,0,1,857.002
diarizen-large,T3I2T-cfhG4__160_210,Devanagari,0.1894826484990418,0.19756039840912384,4.9819999999999975,3.019999999999998,0.8979999999999997,46.970000000000006,2,2,0,1,41.09
diarizen-large,TU3M6wSQV_g__99_171,Telugu,0.23891348088531178,0.46619550850716945,3.789000000000011,3.958999999999994,10.06299999999999,74.55000000000001,2,2,0,1,60.69800000000002
diarizen-large,Tlha36rSd5o__240_374,Tamil,0.26561125769569055,0.24651327959929642,24.622999999999998,7.72000000000002,0.8769999999999989,125.06999999999998,2,2,0,1,99.57
diarizen-large,TrPnW5kLAyQ__93_513,Devanagari,0.25100980665433453,0.285510276485142,66.34999999999997,20.727000000000167,11.978999999999864,394.6299999999999,4,4,0,1,316.3010000000001
diarizen-large,U_EHjxThUgc__181_289,Bengali,0.1635278396436525,0.1981096091112524,6.52099999999999,6.337999999999997,5.497000000000007,112.25,3,3,0,1,100.232
diarizen-large,VHlIFsHPWbk__23_470,Oriya,0.0908462943981458,0.10599520253338146,17.10299999999992,14.810999999999941,8.856000000000012,448.78,4,4,0,1,422.821
diarizen-large,VKY0uuZ6Om8__575_935,Devanagari,0.46442658526697267,0.5174409620930808,70.26699999999992,62.31699999999979,62.164000000000094,419.3300000000004,3,3,0,1,286.8990000000003
diarizen-large,VY_4x1scS-Y__13_121,Tamil,0.37732690383040673,0.45016540196695526,10.715999999999948,4.326000000000022,26.43000000000003,109.91,4,4,0,1,72.76400000000001
fusion,0AEEA8NyVwY__11_609,Devanagari,0.1350053172633821,0.13657370628384533,59.27000000000041,14.869999999999886,2.029999999999939,564.2000000000003,3,3,0,1,502.9
fusion,0SoItGfM_sY__7_88,Kannada,0.4175132350837035,0.6238998581772448,10.050000000000024,8.050000000000011,11.080000000000002,69.88999999999999,5,4,-1,0,48.75999999999997
fusion,0VEwL9XZ0LY__261_557,Devanagari,0.21114298551826644,0.2312532287280381,30.51000000000006,16.61999999999999,13.959999999999976,289.33,2,2,0,1,244.85999999999996
fusion,0esIFSOAcFs__0_913,Gujarati,0.0498551789728516,0.05786206303310663,37.65000000000029,2.839999999999783,5.640000000000072,925.2800000000004,3,3,0,1,881.99
fusion,0p6cktLGIfY__12_930,Gujarati,0.39795106665059726,0.566011333848616,138.31000000000057,102.39000000000026,89.47999999999973,829.7,6,5,-1,0,601.9099999999999
fusion,13VBh0Z6QmE__0_904,Tamil,0.07698291022230111,0.1062546355359809,37.979999999999094,9.049999999999677,21.260000000000026,887.0799999999991,4,4,0,1,827.84
fusion,1LFl5JEipII__0_597,Bengali,0.37277147487844486,0.45751913610684075,53.870000000000445,17.500000000000068,147.13000000000005,586.1500000000003,5,5,0,1,385.15
fusion,2HGP34TNvjg__84_194,Oriya,0.2931921630714426,0.3526810468667276,11.489999999999982,7.5699999999999985,10.570000000000011,101.06,2,2,0,1,79.00000000000001
fusion,2LN6vb7EBn0__98_394,Tamil,0.26837940530553905,0.32522762550942774,28.260000000000034,20.110000000000053,28.619999999999898,286.86999999999995,3,3,0,1,229.99000000000004
fusion,2T4pjueLrsk__677_1290,Gujarati,0.42215150288804804,0.5838200340220006,113.4800000000004,52.16000000000034,63.84999999999988,543.6199999999999,4,4,0,1,366.2899999999997
fusion,2gGHQgj9yno__0_99,Gujarati,0.3131653269606776,0.6314472625264996,12.409999999999975,8.179999999999989,8.240000000000016,92.06,4,2,-2,0,71.41000000000001
fusion,2iMXYxBTwbM__339_401,Devanagari,0.8130252100840335,0.8129559302767597,15.179999999999993,14.800000000000004,16.460000000000008,57.12000000000001,3,2,-1,0,25.480000000000015
fusion,37dND_0r6S8__60_222,Tamil,0.44552402393506696,0.5228972731789802,19.299999999999933,16.389999999999965,39.51000000000003,168.78999999999996,2,2,0,1,109.98
fusion,4Qg2jWP6_T0__136_202,Gurmukhi,0.746945154873544,0.7960434783013932,17.330000000000002,8.88,26.360000000000014,70.38,3,2,-1,0,26.689999999999994
fusion,6-726qTlYeg__102_162,Malayalam,0.42555635319454393,0.49106817129826985,8.13,8.029999999999987,13.480000000000008,69.65000000000002,2,2,0,1,48.03999999999999
fusion,6ZeRgvDHwcI__6_100,Gujarati,0.6417061611374405,0.5927907495834512,23.020000000000017,10.179999999999971,7.420000000000011,63.300000000000026,2,2,0,1,32.86
fusion,6f6TLzlP8Wk__82_144,Gurmukhi,0.5710646968925117,0.6089793047122031,8.95000000000001,7.380000000000002,17.300000000000004,58.89,2,2,0,1,32.63999999999999
fusion,7L4gi7Ncc0s__90_148,Malayalam,0.15843362672893838,0.2348030553675715,3.5600000000000023,2.3200000000000003,2.9399999999999977,55.67,2,2,0,1,49.17
fusion,7WhVNRHbjIY__91_1089,Tamil,0.11221612291388534,0.17476254335651842,23.51999999999958,25.509999999999934,62.78999999999979,996.4699999999998,5,5,0,1,910.1600000000004
fusion,7YfsQPYY-W0__351_411,Oriya,0.5852140077821015,0.6211666978773136,10.16000000000001,8.210000000000004,19.229999999999997,64.24999999999997,2,2,0,1,34.859999999999985
fusion,7c9ePKgqams__299_869,Telugu,0.33420082411624397,0.6029042605492503,34.160000000000295,19.670000000000023,131.0899999999998,553.32,4,3,-1,0,388.06999999999994
fusion,7k-xDqNjESc__73_981,Malayalam,0.3447230918348034,0.6313165654518582,116.62000000000006,56.55000000000036,136.25000000000054,897.5899999999995,4,3,-1,0,644.7199999999989
fusion,83gP2vLH7UY__255_2005,Devanagari,0.29517229230483244,0.31353006769476366,301.1799999999988,165.64000000000155,136.40000000000055,2043.6199999999976,5,5,0,1,1606.0399999999986
fusion,86mMTUeDiR8__181_1079,Bengali,0.46873214090295523,0.5767977580069424,169.47000000000008,102.6299999999998,113.38999999999942,822.4099999999999,5,5,0,1,539.5500000000003
fusion,87Zbup3ohcw__106_445,Tamil,0.2008433546774952,0.3320854500055724,34.15000000000005,17.35000000000001,12.800000000000033,320.15000000000003,4,4,0,1,273.19999999999993
fusion,8Ve4SWhlrrA__0_70,Oriya,0.06942485503839504,0.533459000942507,2.369999999999992,0.01999999999999602,2.039999999999999,63.809999999999995,2,1,-1,0,59.400000000000006
fusion,8mvORuRHw2U__0_1197,Gujarati,0.13671807611358552,0.1525764462106602,103.13000000000186,28.140000000000484,27.229999999999578,1159.3199999999997,4,4,0,1,1028.9599999999982
fusion,8o7jKmq6HsM__30_1770,Devanagari,0.09483012290907449,0.1060124559523943,133.25999999999908,20.39000000000017,13.930000000000902,1767.160000000001,6,6,0,1,1619.970000000001
fusion,8pkp-lpMJP0__326_926,Telugu,0.31037816156631803,0.5322351268196185,134.4899999999993,17.649999999999867,62.98000000000005,693.0899999999995,8,7,-1,0,495.62000000000023
fusion,8r2Nltl0W4o__259_320,Gurmukhi,0.2703502713369514,0.6177095224394968,3.5400000000000045,2.1100000000000074,10.79,60.80999999999999,2,2,0,1,46.47999999999999
fusion,90uAd6xpTPo__16_408,Devanagari,0.06936621643790661,0.07870969139258667,10.019999999999921,10.039999999999935,5.310000000000109,365.74,4,4,0,1,350.40999999999997
fusion,9Aw8kg8w5Xo__0_83,Telugu,0.07816316560820728,0.46419656843796575,4.260000000000013,0.6499999999999986,1.490000000000002,81.88000000000002,4,3,-1,0,76.13000000000001
fusion,9_GMxc_JjyI__236_368,Kannada,0.23137111517367423,0.4941467180883076,10.959999999999976,9.319999999999979,11.359999999999996,136.75,2,2,0,1,114.43000000000005
fusion,ARCKJrGkITw__14_496,Telugu,0.3479608354060567,0.4213203583353435,52.02999999999996,25.660000000000117,98.58000000000008,506.57999999999987,3,3,0,1,355.96999999999986
fusion,ARZl7LT0UC0__73_130,Telugu,0.2870626525630595,0.4415629614515358,7.610000000000008,2.6500000000000075,7.379999999999993,61.45,3,3,0,1,46.46
fusion,A_dohDOK6Ic__0_600,Devanagari,0.05667393033793447,0.05557550051652788,30.630000000000308,2.0800000000001546,0.060000000000002274,578.2199999999999,3,3,0,1,547.5299999999996
fusion,B2ScTgeIIck__117_180,Oriya,0.35244671269888955,0.38900478803884375,10.400000000000004,4.900000000000011,8.180000000000012,66.62,2,2,0,1,48.03999999999998
fusion,BGAAfht5dYw__0_612,Gujarati,0.16881317968819085,0.23247682902556605,70.62000000000009,10.709999999999978,33.22999999999993,678.6199999999995,4,4,0,1,574.77
fusion,BYLcUGNB_zM__20_1387,Kannada,0.09706298575007107,0.1449053465825335,30.690000000000865,25.12000000000053,72.45000000000003,1321.41,4,4,0,1,1218.2699999999995
fusion,Bngfppo1QtA__28_927,Telugu,0.43379474843023663,0.4994054602767071,149.28000000000054,93.66999999999996,182.6199999999991,981.0400000000005,5,5,0,1,649.1400000000009
fusion,CO_8ppdzq9U__0_695,Tamil,0.09473635778043583,0.10603426831526758,45.570000000000036,5.049999999999683,11.150000000000087,652.0200000000003,4,4,0,1,595.3000000000002
fusion,Cku_X_SL7qU__60_660,Gujarati,0.627933681178105,0.5388169133186771,117.62999999999991,149.98999999999975,44.07999999999994,496.39000000000004,3,3,0,1,334.6800000000002
fusion,DPmew0didIM__191_512,Telugu,0.340960607731422,0.46307259197059886,46.32000000000002,24.929999999999975,40.06,326.4599999999999,5,5,0,1,240.07999999999993
fusion,EmsKkNN2Me4__35_95,Malayalam,0.5360145046975443,0.6183049327154643,5.2199999999999935,7.090000000000003,20.210000000000015,60.669999999999995,2,2,0,1,35.23999999999999
fusion,ExGJodnzocM__212_527,Devanagari,0.3215484954152141,0.4185743912046328,25.290000000000084,10.010000000000055,64.28999999999998,309.72,4,5,1,0,220.13999999999996
fusion,F2uXav-wriA__0_907,Devanagari,0.0993359340755672,0.14119137472168306,49.15999999999991,4.579999999999822,36.909999999999904,912.5600000000003,4,4,0,1,826.4900000000005
fusion,FDMf9ApmoNU__16_686,Bengali,0.3415034502541866,0.3262739861059512,106.34999999999988,70.57,37.369999999999756,627.4900000000002,4,4,0,1,483.7700000000006
fusion,G6qzg93FxwE__21_116,Gujarati,0.06632269160485886,0.07723406415406023,3.960000000000006,1.9000000000000106,0.3100000000000023,93.02999999999999,2,2,0,1,88.75999999999998
fusion,GEc_sS2KWo8__96_290,Gujarati,0.29149064574532263,0.5211496369884623,28.48999999999995,11.430000000000007,3.5500000000000043,149.12999999999997,4,3,-1,0,117.09
fusion,GfFLEIAAumk__90_163,Bengali,0.14091588531050417,0.1889316442544722,3.7400000000000118,1.8499999999999996,4.779999999999994,73.59000000000002,2,2,0,1,65.07000000000001
fusion,Gq45evw6ytY__597_1464,Oriya,0.35091087744660626,0.37249578367131525,116.19000000000008,70.1399999999992,124.37000000000057,885.4100000000004,3,3,0,1,644.85
fusion,HZv_WvIr6lE__21_105,Tamil,0.22174535050071514,0.2504947324002133,7.1699999999999875,6.779999999999989,6.2,90.86999999999996,3,3,0,1,77.49999999999997
fusion,HpYG46tGyYs__103_998,Devanagari,0.08753759158413026,0.10230756951843492,30.310000000000304,34.080000000000055,11.000000000000139,861.23,4,4,0,1,819.9199999999996
fusion,IAm1rt-MYcA__4_558,Bengali,0.3057309508378855,0.3838193669702176,65.25000000000009,44.839999999999954,55.01999999999994,540.0499999999997,4,4,0,1,419.7799999999997
fusion,Iare1Emeueg__16_69,Devanagari,0.511789181692094,0.47142896824614555,14.909999999999993,6.119999999999994,1.1099999999999985,43.26,2,2,0,1,27.24000000000001
fusion,IfTL8SSN270__62_671,Devanagari,0.2722222222222209,0.31124170312072263,87.85999999999972,41.64999999999968,50.3199999999999,660.6000000000006,4,4,0,1,522.4200000000006
fusion,Ig6szCD8m20__46_106,Devanagari,0.2480698220879488,0.347353043367663,2.0499999999999936,2.570000000000001,10.16,59.58000000000001,2,2,0,1,47.37000000000001
fusion,Iqhnt8ENm3U__27_88,Devanagari,0.6983173076923075,0.7572881597555732,19.49999999999999,4.21999999999999,22.760000000000012,66.56,3,3,0,1,24.299999999999997
fusion,J4-VpEkBzWw__0_600,Kannada,0.0731322594522249,0.08536702911553816,20.10999999999986,14.909999999999961,10.880000000000102,627.6300000000001,7,7,0,1,596.64
fusion,JBYGLQJwFDc__103_407,Tamil,0.4750028776426351,0.6720274992524949,46.90000000000012,31.040000000000042,45.859999999999886,260.6300000000001,3,2,-1,0,167.87000000000003
fusion,JSB1CeS4pP8__0_632,Gurmukhi,0.1346458023004034,0.15506106566763153,62.21,11.779999999999802,13.68999999999988,651.1899999999999,4,4,0,1,575.29
fusion,Jc5AVwg2cZM__153_214,Devanagari,0.7860902855319825,0.6948841131180759,19.739999999999995,16.319999999999993,13.219999999999986,62.68999999999999,3,3,0,1,29.73000000000001
fusion,KAtdcDieQMw__57_599,Oriya,0.16378398070884576,0.19506946775037684,62.37999999999992,13.6999999999999,18.330000000000076,576.4299999999995,3,3,0,1,495.71999999999946
fusion,KPkRi3GM7fs__47_642,Oriya,0.10569260619499761,0.12364861980270986,32.78000000000026,15.660000000000117,12.57000000000005,577.24,3,3,0,1,531.8899999999998
fusion,Kdi-ECuOaKg__2_78,Malayalam,0.6732293531066227,0.7060252030364702,17.550000000000033,5.79999999999999,2.980000000000004,39.11000000000002,6,5,-1,0,18.579999999999984
fusion,L7xRazDdtgw__19_83,Gujarati,0.8586829153972344,0.8571104482222672,14.679999999999987,6.9899999999999975,14.970000000000006,42.67,3,2,-1,0,13.02000000000001
fusion,LBIWBxQ5H1s__90_1020,Malayalam,0.35597296987744764,0.41579649755980924,113.37999999999917,76.73000000000013,151.7700000000002,960.4100000000002,4,4,0,1,695.2600000000008
fusion,LK23jX9tgZM__59_221,Gujarati,0.28656409083109297,0.4067451799765968,33.429999999999986,8.71,7.960000000000001,174.83,3,3,0,1,133.43999999999994
fusion,LctYmmr9-Vg__0_61,Devanagari,0.1268547544409608,0.12452970990233195,5.249999999999989,0.819999999999987,0.0,47.850000000000016,2,2,0,1,42.60000000000002
fusion,LqQHdo7t5Ps__198_498,Devanagari,0.15516125736471073,0.24129243202053355,8.719999999999935,6.920000000000096,29.919999999999973,293.62999999999994,3,3,0,1,254.99
fusion,Md3p6RTanBg__315_426,Bengali,0.047694753577106744,0.046639065851418915,4.050000000000042,1.0499999999999894,0.29999999999999716,113.22000000000004,3,3,0,1,108.86999999999999
fusion,MmtWBUK2DKE__0_310,Devanagari,0.07881259174685988,0.2702000004021548,14.819999999999844,6.749999999999988,2.5900000000000603,306.5499999999999,5,4,-1,0,289.14
fusion,NLgHpYyf5bY__313_383,Devanagari,0.20539991290463058,0.3532868325430509,4.799999999999994,2.1799999999999966,7.170000000000011,68.89,2,2,0,1,56.919999999999995
fusion,NuhdqCEuIBo__197_540,Gurmukhi,0.22514562287193696,0.34768058196561724,27.4699999999999,16.510000000000115,36.03000000000017,355.3699999999998,3,3,0,1,291.8699999999998
fusion,O4_aeGFzZ8A__0_335,Kannada,0.08186789287267784,0.09718062130830521,21.960000000000132,3.5099999999999385,0.8800000000000239,321.86,8,8,0,1,299.01999999999987
fusion,OXUt5KnlUMo__91_181,Oriya,0.287136737293041,0.42161598077179485,6.079999999999984,3.6199999999999672,15.100000000000012,86.37000000000003,2,2,0,1,65.19000000000003
fusion,OxYCBQKZ3iY__0_1822,Gurmukhi,0.17444409278991024,0.19929584966404296,151.53999999999962,65.02000000000139,81.07999999999942,1706.219999999999,7,7,0,1,1473.5999999999997
fusion,PCUA2q2C-2A__45_107,Devanagari,0.03722615714050392,0.05820945520444884,1.2200000000000024,1.0399999999999907,0.0,60.71000000000001,3,3,0,1,59.49000000000001
fusion,PEDfT9-Yf2o__0_469,Bengali,0.05901639344262269,0.07837259511528165,12.449999999999976,2.4099999999999184,8.900000000000006,402.6000000000001,3,3,0,1,381.25000000000017
fusion,PQB3-4sZUeY__0_1132,Telugu,0.315933674921719,0.43921323072108,122.54000000000043,36.81999999999906,195.80000000000035,1124.1600000000008,4,4,0,1,805.82
fusion,PRAzUz0GANs__223_283,Kannada,0.4150039904229848,0.5294890722592107,6.78999999999999,4.480000000000016,14.729999999999986,62.649999999999984,2,2,0,1,41.13
fusion,PSIzXy5-y2E__2_918,Devanagari,0.27922873685985733,0.27068887926188884,136.84999999999962,73.9100000000004,37.599999999999895,889.4499999999994,3,3,0,1,714.9999999999998
fusion,PVDfS7lcJHY__0_360,Kannada,0.1953610526042074,0.25481216342040786,42.77999999999996,9.840000000000128,22.50999999999992,384.5699999999998,6,6,0,1,319.2799999999999
fusion,Pjre5dpnKGA__0_330,Kannada,0.1934695823154378,0.4108859649427432,31.7499999999998,7.37999999999997,25.810000000000052,335.6599999999999,4,3,-1,0,278.1000000000001
fusion,QhpjuNTZoA8__0_586,Kannada,0.3119903800220739,0.5087411835586755,45.70000000000037,3.749999999999943,139.9500000000001,607.07,3,2,-1,0,421.41999999999956
fusion,QuA_B6IZ6Ls__61_1863,Devanagari,0.40320684530057327,0.37978468498669227,669.2000000000035,112.05999999999963,179.08999999999924,2381.780000000007,4,4,0,1,1533.4899999999998
fusion,RL2fhIEEbZg__0_65,Telugu,0.0778982740186347,0.37287049787940796,3.8300000000000223,1.0599999999999952,0.2099999999999973,65.47000000000001,3,2,-1,0,61.429999999999986
fusion,RL2fhIEEbZg__66_1034,Telugu,0.27483548406221,0.3127450901135492,118.06000000000041,70.1899999999996,89.90000000000055,1012.0600000000012,3,3,0,1,804.1000000000001
fusion,RWTmftezCwI__0_60,Malayalam,0.22415575465196425,0.18654768575384775,6.670000000000008,0.8499999999999996,5.489999999999999,58.040000000000006,2,3,1,0,45.879999999999995
fusion,RZUZyvRzi80__0_336,Gurmukhi,0.018280800519657147,0.01912882029755803,3.3199999999999728,2.5899999999999856,0.0,323.28999999999996,4,4,0,1,319.97
fusion,SZ7ay4OjfAE__0_897,Telugu,0.2640978375056997,0.34601824045380264,168.30000000000013,21.83000000000054,76.35000000000043,1009.0199999999999,5,5,0,1,764.3699999999998
fusion,T3I2T-cfhG4__160_210,Devanagari,0.12177985948477742,0.1372868232218017,1.8499999999999965,3.019999999999998,0.8500000000000014,46.97,2,2,0,1,44.27
fusion,TU3M6wSQV_g__99_171,Telugu,0.2347417840375588,0.47028665372598644,3.5500000000000207,4.070000000000002,9.879999999999988,74.55000000000001,2,2,0,1,61.12000000000001
fusion,Tlha36rSd5o__240_374,Tamil,0.1683057487806829,0.15239156345403376,12.349999999999994,7.800000000000015,0.8999999999999986,125.06999999999998,2,2,0,1,111.82
fusion,TrPnW5kLAyQ__93_513,Devanagari,0.22154929934368991,0.24563800185363066,61.37000000000022,18.97000000000023,7.089999999999883,394.62999999999994,4,4,0,1,326.1699999999998
fusion,U_EHjxThUgc__181_289,Bengali,0.14521158129175954,0.18164220594108635,6.369999999999997,4.600000000000001,5.330000000000009,112.25,3,3,0,1,100.54999999999998
fusion,VHlIFsHPWbk__23_470,Oriya,0.0948794509559247,0.12444324788556496,15.699999999999985,11.389999999999876,15.490000000000023,448.78,4,4,0,1,417.59
fusion,VKY0uuZ6Om8__575_935,Devanagari,0.3866882884601619,0.48018961566557367,77.00000000000003,33.42999999999978,51.72000000000004,419.33000000000044,3,3,0,1,290.61000000000024
fusion,VY_4x1scS-Y__13_121,Tamil,0.33045218815394395,0.4044945435649926,9.389999999999983,4.229999999999983,22.700000000000006,109.90999999999998,4,4,0,1,77.82
